-- MariaDB dump 10.19  Distrib 10.6.16-MariaDB, for debian-linux-gnu (x86_64)
--
-- Host: localhost    Database: Maithili_70
-- ------------------------------------------------------
-- Server version	10.6.16-MariaDB-0ubuntu0.22.04.1

/*!40101 SET @OLD_CHARACTER_SET_CLIENT=@@CHARACTER_SET_CLIENT */;
/*!40101 SET @OLD_CHARACTER_SET_RESULTS=@@CHARACTER_SET_RESULTS */;
/*!40101 SET @OLD_COLLATION_CONNECTION=@@COLLATION_CONNECTION */;
/*!40101 SET NAMES utf8mb4 */;
/*!40103 SET @OLD_TIME_ZONE=@@TIME_ZONE */;
/*!40103 SET TIME_ZONE='+00:00' */;
/*!40014 SET @OLD_UNIQUE_CHECKS=@@UNIQUE_CHECKS, UNIQUE_CHECKS=0 */;
/*!40014 SET @OLD_FOREIGN_KEY_CHECKS=@@FOREIGN_KEY_CHECKS, FOREIGN_KEY_CHECKS=0 */;
/*!40101 SET @OLD_SQL_MODE=@@SQL_MODE, SQL_MODE='NO_AUTO_VALUE_ON_ZERO' */;
/*!40111 SET @OLD_SQL_NOTES=@@SQL_NOTES, SQL_NOTES=0 */;

--
-- Table structure for table `Professors`
--

DROP TABLE IF EXISTS `Professors`;
/*!40101 SET @saved_cs_client     = @@character_set_client */;
/*!40101 SET character_set_client = utf8 */;
CREATE TABLE `Professors` (
  `ProfessorID` int(11) NOT NULL,
  `Department` varchar(255) NOT NULL,
  `Name` varchar(255) NOT NULL,
  `Designation` varchar(255) NOT NULL,
  `Email1` varchar(255) NOT NULL,
  `Email2` varchar(255) DEFAULT NULL,
  `Phone1` varchar(20) DEFAULT NULL,
  `Phone2` varchar(15) DEFAULT NULL,
  `Qualification` varchar(255) DEFAULT NULL,
  `Specialization` varchar(255) DEFAULT NULL,
  `Experience` int(11) DEFAULT NULL,
  `Subject1` varchar(255) DEFAULT NULL,
  `Subject2` varchar(255) DEFAULT NULL,
  PRIMARY KEY (`ProfessorID`),
  KEY `idx_professors_name` (`Name`)
) ENGINE=InnoDB DEFAULT CHARSET=utf8mb4 COLLATE=utf8mb4_general_ci;
/*!40101 SET character_set_client = @saved_cs_client */;

--
-- Dumping data for table `Professors`
--

LOCK TABLES `Professors` WRITE;
/*!40000 ALTER TABLE `Professors` DISABLE KEYS */;
INSERT INTO `Professors` VALUES (1,'Civil & Environmental Engineering','Dr. A.S. Wayal','Associate Professor & Head','aswayal@ci.vjti.ac.in',NULL,'24198135','24198140','PhD','Water resource Engineering',27,NULL,NULL),(2,'Civil & Environmental Engineering','Dr. S. Y. Mhaske','Associate Professor','symhaske@ci.vjti.ac.in',NULL,'24198138',NULL,'PhD','Geospatial Technology',12,NULL,NULL),(3,'Civil & Environmental Engineering','Prof. P.S. Chaudhari','Assistant Prof.','pschaudhari@ci.vjti.ac.in',NULL,'24198146',NULL,'M.Tech','Water resource Engineering',21,NULL,NULL),(4,'Civil & Environmental Engineering','Sameer Sayyed','Assistant Professor','susayyad@ci.vjti.ac.in',NULL,'24198336',NULL,'M.E.','Environmental Engg',13,NULL,NULL),(5,'Civil & Environmental Engineering','Dr. V. B. Varekar','Assistant Professor','vbvarekar@ci.vjti.ac.in',NULL,'24198148',NULL,'PhD','Environmental Engg',8,NULL,NULL),(6,'Computer Engineering and Information Technology','Dr. B. B. Meshram','Professor','bbmeshram@ce.vjti.ac.in',NULL,'24198157',NULL,'PhD','Cyber and Information',NULL,NULL,NULL),(7,'Computer Engineering and Information Technology','Dr. S.G. Bhirud','Professor','sgbhirud@ce.vjti.ac.in',NULL,'24198153',NULL,'PhD','Digital Image Processing ; Neural Network',NULL,NULL,NULL),(8,'Computer Engineering and Information Technology','Prof. P. M. Chawan','Assoc. Prof.','pmchawan@ce.vjti.ac.in',NULL,'24198154',NULL,'M.E. (Computer Engineering)','Software Engg ; Software Project Management ; Advanced Architecture ; Data Mining ; Machine Learning',30,NULL,NULL),(9,'Computer Engineering and Information Technology','Prof. S. C. Shrawne','Assistant Professor','scshrawne@ce.vjti.ac.in',NULL,'24198158',NULL,'M.Tech Pursuing PhD at VJTI','Network & Information Security; Data Mining ; Artificial Intelligence',18,NULL,NULL),(10,'Computer Engineering and Information Technology','Prof. M.U. Kulkarni','Assistant Professor','mukulkarni@ce.vjti.ac.in',NULL,'24198364',NULL,'M.Tech Pursuing PhD at I.I.T. Bombay','Machine Learning; Natural Language Processing',8,NULL,NULL),(11,'Computer Engineering and Information Technology','Prof. Varsha Priya J.N','Assistant Professor','varshapriyajn@ce.vjti.ac.in',NULL,'24198167',NULL,'M.E Pursuing PhD at VJTI','Cloud Computing; Network Security',9,NULL,NULL),(12,'Computer Engineering and Information Technology','Dr. Shraddha Suratkar','Assistant Professor','sssuratkar@ce.vjti.ac.in',NULL,'24198350',NULL,'PhD (VJTI), M.E, B.E','Machine Learning & Deep Learning Applications, Cyber Security, Databases.',8,NULL,NULL),(13,'Computer Engineering and Information Technology','Prof. V.D. Dhore','Assistant Professor & Faculty Incharge IT Infrastructure and Website Incharge','vddhore@ce.vjti.ac.in',NULL,'24198350',NULL,'M.Tech Pursuing PhD at VJTI','Network Security; Big Data Analytics ; Machine Learning',4,NULL,NULL),(14,'Computer Engineering and Information Technology','Prof. S.A. Khedkar','Assistant Professor','sakhedkar@ce.vjti.ac.in',NULL,'24198350',NULL,'M.Tech Pursuing PhD at VJTI','Computer Network & Information Security',7,NULL,NULL),(15,'Computer Engineering and Information Technology','Dr. V. K. Sambhe','Head of Department','vksambhe@it.vjti.ac.in',NULL,'24198166',NULL,'PhD','Wireless Communication',16,NULL,NULL),(16,'Computer Engineering and Information Technology','Dr. M. R. Shirole','Associate Professor','mrshirole@it.vjti.ac.in',NULL,'24198150',NULL,'PhD','Software Engg ; Machine Learning ; Networking ; Cloud Computing',23,NULL,NULL),(17,'Computer Engineering and Information Technology','Dr. M. M. Chandane','Associate Professor','mmchandane@it.vjti.ac.in',NULL,'24198164',NULL,'PhD','Ad-hoc Network ; Wireless Sensor Network ; IoT & IoTA ; Wireles Network Security ; Pervasive Computing ; Computer Network',12,NULL,NULL),(18,'Computer Engineering and Information Technology','Dr. V. B. Nikam','Associate Professor','vbnikam@it.vjti.ac.in',NULL,'24198155',NULL,'PhD','High Performance GPU Computing ; BioInformatics & Biological Computing ; Data Mining & Machine Learning ; Deep Learning & Reinforcement Learning ; Cloud & Distributed Computing ; Image & Video Data Mining ; Big Data Analytics',23,NULL,NULL),(19,'Computer Engineering and Information Technology','Prof. Sowmiya Raksha Naik','Assistant Professor','sraksha@it.vjti.ac.in',NULL,'24198364',NULL,'M.Tech Pursuing PhD at VJTI','Network Security ; High Performance Computing ; Deep Learning',24,NULL,NULL),(20,'Computer Engineering and Information Technology','Dr. S.S. Udmale','Assistant Professor','ssudmale@it.vjti.ac.in',NULL,'24198152',NULL,'PhD','Machine Learning ; Artificial Intelligence',14,NULL,NULL),(21,'Computer Engineering and Information Technology','Prof. S.T. Shingade','Assistant Professor','stshingade@it.vjti.ac.in',NULL,'24198154',NULL,'M.Tech. Pursuing PhD at IIT Roorkee','Mobile Computing',8,NULL,NULL),(22,'Computer Engineering and Information Technology','Prof. K.K. Joshi','Assistant Professor','kkjoshi@it.vjti.ac.in',NULL,'24198164',NULL,'M. Tech. Pursuing PhD at VJTI','Network Security ; Cloud Computing; Machine Learning',14,NULL,NULL),(23,'Electrical Engineering','Dr. R. N. Awale','Professor & TEQIP-II Coordinator, Faculty Incharge Finance','rnawale@el.vjti.ac.in',NULL,'24198153',NULL,'PhD','Image Processing, Computer Networks',NULL,NULL,NULL),(24,'Electrical Engineering','Dr. Faruk A. S. Kazi','Professor & Dean Research Development & Consultancy','fskazi@el.vjti.ac.in',NULL,'24198180',NULL,'PhD','Dynamics & Control, Robotics, Cyber Physical Systems',NULL,NULL,NULL),(25,'Electrical Engineering','Dr. R.A.Patil','Associate Professor','rapatil@el.vjti.ac.in',NULL,'24198364',NULL,'PhD','Signal processing, Analog circuits',NULL,NULL,NULL),(26,'Electrical Engineering','Dr. Rahul Ingle','Assistant Professor & Rector','rringle@el.vjti.ac.in',NULL,'24198174',NULL,'Ph.D (Electronics)','Signal Processing, Biomedical Signal and Image Processing, Data Science',NULL,NULL,NULL),(27,'Electrical Engineering','Dr. D. P. Rathod','Assistant Professor','dprathod@el.vjti.ac.in',NULL,'24198197',NULL,'PhD','Error Correcting Codes, Analog/Digital Communications',NULL,NULL,NULL),(28,'Electrical Engineering','Dr. S.J. Bhosale','Associate Professor','sjbhosale@ee.vjti.ac.in',NULL,'24198193',NULL,'Ph.D., M.E. Electrical','Nano-Optics',33,NULL,NULL),(29,'Electrical Engineering','Prof H.B. Chaudhari','Associate Professor','hbchoudhari@ee.vjti.ac.in',NULL,'24198180',NULL,'Pursuing Ph.D','High Voltage',32,NULL,NULL),(30,'Electrical Engineering','Dr. S.R. Wagh (Head of department)','Assistant Professor & Head of the Department','srwagh@ee.vjti.ac.in',NULL,'24198182','24198186','Ph.D','Power System Dynamics, Stability and Control',NULL,NULL,NULL),(31,'Electrical Engineering','Prof Krishna Kanakgiri','Assistant Professor','kvkanakgiri@ee.vjti.ac.in',NULL,'24198560',NULL,'Persuing Ph.D','High Voltage, EMF',15,NULL,NULL),(32,'Electrical Engineering','Dr. Pragati Gupta','Assistant Professor','ppgupta@ee.vjti.ac.in',NULL,'24198172',NULL,'PhD, MTech (Electrical)','Power Systems (Deregulation & Market Economy, Stability)',19,NULL,NULL),(33,'Mechanical Engineering','Dr. R.M. Tayade','Associate Professor','rmtayade@me.vjti.ac.in',NULL,'24198430',NULL,'Ph.D (Engg & Technology), M.E. (Mechanical)','Machine Design, Engineering Graphics',27,NULL,NULL),(34,'Mechanical Engineering','Dr. V.M.Phalle','Associate Professor','vmphalle@me.vjti.ac.in',NULL,'24198122',NULL,'Ph.D. (Mechanical)','Machine Design, Tribology, Vibration, Kinematics and Dynamics of Machinery',30,NULL,NULL),(35,'Mechanical Engineering','Dr. N.P. Gulhane','Associate Professor','npgulhane@me.vjti.ac.in',NULL,'24198200',NULL,'Ph.D. (Mechanical), M.E. (Mechanical)','Thermal Engineering, Heat and Mass Transfer, Thermodynamics, Microfluidics, CFD, Solar Energy',31,NULL,NULL),(36,'Mechanical Engineering','Dr. W.S.Rathod','Associate Professor & Head','wsrathod@me.vjti.ac.in',NULL,'24198229',NULL,'Ph.D. (Metallurgy)','Engineering Metallurgy, Production Technology',26,NULL,NULL),(37,'Mechanical Engineering','Dr. A.V. Deshpande','Assistant Professor','avdeshpande@me.vjti.ac.in',NULL,'24198217',NULL,'Ph.D., M.E (Mechanical)','CFD, Fluid Dynamics, CAD CAM',27,NULL,NULL),(38,'Mechanical Engineering','Dr. S. A. Mastud','Associate Professor','samastud@me.vjti.ac.in',NULL,'24198205',NULL,'Ph.D (Mechanical)','Manufacturing Science, Micro Manufacturing, Metrology & Quality Engg',19,NULL,NULL),(39,'Mechanical Engineering','Dr. Sachin S. Naik','Associate Professor','ssnaik@me.vjti.ac.in',NULL,'24198221',NULL,'Phd D in Design Engineering','Phd D in Design Engineering',32,NULL,NULL),(40,'Mechanical Engineering','Dr. P. M. Karande','Associate Professor & Controller of Exam Degree','pmkarande@me.vjti.ac.in',NULL,'24198109',NULL,'PhD, M.E. (Production)','Decision Sciences,MCDM Supplier Selection',7,NULL,NULL),(41,'Mechanical Engineering','Prof. P.A. Wankhede','Assistant Professor','pawankhede@me.vjti.ac.in',NULL,'24198227',NULL,'M.E. (Mechanical) (Pursuing Ph.D.)','Automobile Engineering, Power Plant Engineering',24,NULL,NULL),(42,'Mechanical Engineering','Dr. V.B. Suryawanshi','Assistant Professor','vbsuryawanshi@me.vjti.ac.in',NULL,NULL,NULL,'Ph.D., M.E (Mechanical)','Machine Design, Robotics and Automation',24,NULL,NULL),(43,'Mechanical Engineering','Dr. H.P.Khairnar','Assistant Professor','hpkhairnar@me.vjti.ac.in',NULL,'24198204',NULL,'Ph.D., M.E (Mechanical)','Measurements, Mechatronics, DPTS, IE & ERP',16,NULL,NULL),(44,'Mechanical Engineering','Dr. A.S.Rao','Assistant Professor','asrao@me.vjti.ac.in',NULL,'24198410',NULL,'Ph.D., M.E (Mechanical)','CAD/CAM, Robotics, Automation., Rapid Product Development, Computer Integrated Manufacturing, Engineering Graphics',NULL,NULL,NULL),(45,'Mechanical Engineering','Dr. M. V Tendolakar','Assistant Professor','mvtendolkar@me.vjti.ac.in',NULL,'24198209',NULL,'Ph.D., M.E (Mechanical)','Heat Power Engg, Thermodynamics, Refrigeration and Air Conditioning, Cryogenics',18,NULL,NULL),(46,'Mechanical Engineering','Prof. S.S.Barve','Assistant Professor','ssbarve@me.vjti.ac.in',NULL,'24198208',NULL,'Pursuing Ph.D, M.E. (Mechanical)','Machine Design, Mechanical Vibration',24,NULL,NULL),(47,'Mechanical Engineering','Dr. S.G. Jadhav','Assistant Professor','sgjadhav@me.vjti.ac.in',NULL,'24198211',NULL,'Ph.D.','Machine Design',14,NULL,NULL),(48,'Mechanical Engineering','Prof. G.U.Tembhare','Assistant Professor','gutembhare@me.vjti.ac.in',NULL,'24198209',NULL,'M.E. (Mechanical) Pursuing PhD','Machine Design, FEM, Piping Engineering',9,NULL,NULL),(49,'Mechanical Engineering','Prof. S.P. Gajre','Assistant Professor','spgajre@me.vjti.ac.in',NULL,'24198205',NULL,'M.Tech','Manufacturing Engineering',9,NULL,NULL),(50,'Production Engineering','Dr. D. N. Raut','Professor','dnraut@pe.vjti.ac.in',NULL,'24198239',NULL,'PhD',NULL,19,NULL,NULL),(51,'Production Engineering','Dr. M.R. Nagare','Associate Prof.','mrnagare@pe.vjti.ac.in',NULL,'24198237',NULL,'PHD',NULL,30,NULL,NULL),(52,'Production Engineering','Dr. D. K. Shinde','Associate Prof.','dkshinde@pe.vjti.ac.in',NULL,'24198235',NULL,'Phd',NULL,22,NULL,NULL),(53,'Production Engineering','Dr. P.R. Attar','Assistant Professor & Head','prattar@pe.vjti.ac.in',NULL,'24198240',NULL,'Ph.D',NULL,17,NULL,NULL),(54,'Production Engineering','Prof. D.V. Pendam','Assistant Professor','dvpendam@pe.vjti.ac.in',NULL,'24198240',NULL,'Pursing Ph.D',NULL,14,NULL,NULL),(55,'Production Engineering','Dr. B. N. Sontakke','Assistant Professor (Tenure)','bnsontakke@pe.vjti.ac.in',NULL,NULL,NULL,'Ph.D Mechanical , COEP, Pune',NULL,16,NULL,NULL),(56,'Production Engineering','Dr. P. A. Rajwade','Assistant Professor (Tenure)','parajiwade@pe.vjti.ac.in',NULL,NULL,NULL,'Ph.D Mechanical Engineering-IIT Mumbai M.Tech - SVNIT- Surat',NULL,3,NULL,NULL),(57,'Production Engineering','Dr. Dipak G. Wagre','Assistant Professor (Tenure)','dgwagre@pe.vjti.ac.in',NULL,NULL,NULL,'Ph.D Mechanical -University of Porto, Portugal, M.Tech-IIT Delhi',NULL,2,NULL,NULL),(58,'Structural Engineering','Dr. K.K. Sangle','Professor, Dean Academics & Head of the Department','kksangle@st.vjti.ac.in','Dean_ap@vjti.ac.in','24198252',NULL,'PhD',NULL,26,NULL,NULL),(59,'Structural Engineering','Dr. A. N. Bambole','Professor, Dean Infrastructure and Maintenance, Chief Rector VJTI Hostel','anbambole@st.vjti.ac.in',NULL,'24198248',NULL,'PhD',NULL,30,NULL,NULL),(60,'Structural Engineering','Dr. V.B. Deshmukh','Associate Professor','vbdeshmukh@st.vjti.ac.in',NULL,'24198249',NULL,'PhD',NULL,12,NULL,NULL),(61,'Structural Engineering','Dr. S. S. Pendhari','Associate Professor','sspendhari@st.vjti.ac.in',NULL,'24198247',NULL,'PhD',NULL,13,NULL,NULL),(62,'Structural Engineering','Dr. J. G. Solanki','Assistant Professor','jgsolanki@st.vjti.ac.in',NULL,'24198250',NULL,'PhD',NULL,27,NULL,NULL),(63,'Textile Engineering','Dr. S. P. Borkar','Professor','spborkar@tx.vjti.ac.in',NULL,'24198257',NULL,'PhD','Weaving, Composites Technology, Technical Textiles, coating and lamination',32,NULL,NULL),(64,'Textile Engineering','Dr. Neha Mehra','Assistant Professor & Head','nehamehra@tx.vjti.ac.in',NULL,NULL,NULL,'PhD','Nanotechnology in textiles, Ecofriendly pretreatment of textiles, Colouration of textile, Chemical finishing technology, Technical textiles',7,NULL,NULL),(65,'Textile Engineering','Dr. A. L. Bhongade','Associate Professor','albhongade@tx.vjti.ac.in',NULL,'24198258',NULL,'PhD','Spinning, Technical Textiles, Composites Technology',28,NULL,NULL),(66,'Textile Engineering','Prof. S. A. Patil','Assistant Professor','sapatil@tx.vjti.ac.in',NULL,'24198264',NULL,'M.Tech','Weaving, Knitting Technology, Garments, Process Control',NULL,NULL,NULL),(67,'Textile Engineering','Dr. S. Gangopadhyaya','Assistant Professor','sgangopadhyay@tx.vjti.ac.in',NULL,'24198256',NULL,'PhD','Made Fibre Production Technology, Fibre Characterization, Design of textile structure, Smart Textiles (Conductive)',16,NULL,NULL),(68,'Textile Engineering','Prof Aniket K Gajbhiye','Assistant Professor','akgajbhiye@tx.vjti.ac.in',NULL,NULL,NULL,'M.Tech (Textile Technology)','Woven Fabric Manufacturing Technology, Knitting Technology, Technical Textiles',8,NULL,NULL),(69,'Humanities & Management','Dr. K K Sangle','Professor, Dean Academics, Head & Chief Hostel Rector','hod_humanities@hs.vjti.ac.in',NULL,'24198252',NULL,'PhD',NULL,26,NULL,NULL),(70,'Humanities & Management','Prof. Kishor Borase','Assistant Professor','krborase@hs.vjti.ac.in',NULL,NULL,NULL,NULL,'Business English',NULL,NULL,NULL),(71,'Mathematics','Dr. K. K Sangle','Professor, Dean Academics, Head & Chief Hostel Rector','kksangle@st.vjti.ac.in',NULL,'252',NULL,'PHD',NULL,26,NULL,NULL),(72,'Mathematics','Nishigandha Kurhade','Assistant Professor','nskurhade@hs.vjti.ac.in',NULL,NULL,NULL,'MSc. Mathematics from IIT Mumbai',NULL,7,NULL,NULL),(73,'Physics','Dr. D.S. Wahval','Professor & Head','hod_physics@vjti.ac.in','dswavhal@hs.vjti.ac.in','24198280',NULL,'MSc PhD','Chemical Physics, Low temperature Plasma processing, Nano Composites, Polymer membrane, Thin films',34,NULL,NULL),(74,'Physics','Prof. T.B.More','Assistant Professor','tbmore@hs.vjti.ac.in',NULL,'24198284',NULL,'MSc','Solid State Physics and Thermodynamics',7,NULL,NULL),(75,'Technical & Applied Chemistry','Dr. Sujata Parmeswaran','Professor & Head of the Department','hod_chemistry@hs.vjti.ac.in','sujathap@hs.vjti.ac.in',NULL,NULL,'Ph.D','Polymer Chemistry',24,NULL,NULL),(76,'Technical & Applied Chemistry','Dr. Y. R. Suryawanshi','Assistant Professor','yrsuryawanshi@hs.vjti.ac.in',NULL,NULL,NULL,'Ph.D','Polymer Nanocomposites, Organic Synthesis, Materials for Energy and Environment',13,NULL,NULL),(77,'Technical & Applied Chemistry','Dr. S. T. Bhange','Assistant Professor','stbhange@hs.vjti.ac.in',NULL,'24198206',NULL,'Ph.D','Organic Chemistry',9,NULL,NULL),(78,'Technical & Applied Chemistry','Dr. D. Das','Assistant Professor','ddas@hs.vjti.ac.in',NULL,'24198207',NULL,'Ph.D','Organic Chemistry',5,NULL,NULL),(79,'MCA','Prof. Sonali Ajankar','Assistant Professor','sajankar@mc.vjti.ac.in',NULL,'24198162',NULL,'M.Tech. (Computer Engg)','Mobile Networks, OOAD, IOT',14,NULL,NULL),(80,'MCA','Prof. Swati Chopade','Incharge Head MCA & Assistant Professor','schopade@mc.vjti.ac.in',NULL,'24198162',NULL,'M.Tech','HCI, Cloud Computing, Computer Organization and Architecture',NULL,NULL,NULL),(81,'MCA','Prof. Archana G. Pai','Assistant Professor','apai@mc.vjti.ac.in',NULL,'24198161',NULL,'MCA','Network Security',22,NULL,NULL),(82,'MCA','Prof. Nikhil B. Khandare','Assistant Professor','nbkhandare@mc.vjti.ac.in',NULL,'24198163',NULL,'Pursuing Ph.D. in VJTI','Distributed Operating System, Cryptography',8,NULL,NULL);
/*!40000 ALTER TABLE `Professors` ENABLE KEYS */;
UNLOCK TABLES;

--
-- Table structure for table `administrator`
--

DROP TABLE IF EXISTS `administrator`;
/*!40101 SET @saved_cs_client     = @@character_set_client */;
/*!40101 SET character_set_client = utf8 */;
CREATE TABLE `administrator` (
  `administrator_id` int(11) NOT NULL AUTO_INCREMENT,
  `name` varchar(100) NOT NULL,
  PRIMARY KEY (`administrator_id`)
) ENGINE=InnoDB AUTO_INCREMENT=3 DEFAULT CHARSET=utf8mb4 COLLATE=utf8mb4_general_ci;
/*!40101 SET character_set_client = @saved_cs_client */;

--
-- Dumping data for table `administrator`
--

LOCK TABLES `administrator` WRITE;
/*!40000 ALTER TABLE `administrator` DISABLE KEYS */;
INSERT INTO `administrator` VALUES (1,'Tanayaa'),(2,'Maithili');
/*!40000 ALTER TABLE `administrator` ENABLE KEYS */;
UNLOCK TABLES;

--
-- Table structure for table `course`
--

DROP TABLE IF EXISTS `course`;
/*!40101 SET @saved_cs_client     = @@character_set_client */;
/*!40101 SET character_set_client = utf8 */;
CREATE TABLE `course` (
  `Course_ID` int(11) NOT NULL,
  `Academic_Department` varchar(100) DEFAULT NULL,
  `Programme` varchar(100) DEFAULT NULL,
  PRIMARY KEY (`Course_ID`)
) ENGINE=InnoDB DEFAULT CHARSET=utf8mb4 COLLATE=utf8mb4_general_ci;
/*!40101 SET character_set_client = @saved_cs_client */;

--
-- Dumping data for table `course`
--

LOCK TABLES `course` WRITE;
/*!40000 ALTER TABLE `course` DISABLE KEYS */;
INSERT INTO `course` VALUES (1,'Civil & Environmental Engineering','Diploma in Civil Engineering'),(2,'Civil & Environmental Engineering','B.Tech Degree in Civil Engineering'),(3,'Civil & Environmental Engineering','M.Tech in Civil Engineering with Environmental Engineering'),(4,'Civil & Environmental Engineering','M.Tech in Civil Engineering with Construction Management'),(5,'Computer Engineering and Information Technology','BTech Computer Engineering'),(6,'Computer Engineering and Information Technology','BTech Information Technology'),(7,'Computer Engineering and Information Technology','MTech Computer Engineering'),(8,'Computer Engineering and Information Technology','MTech Computer Engineering (NIMS)'),(9,'Computer Engineering and Information Technology','MTech Computer Engineering (SE)'),(10,'Computer Engineering and Information Technology','Phd'),(11,'Electrical Engineering','Diploma in Electrical Engineering'),(12,'Electrical Engineering','Diploma in Electronics Engineering'),(13,'Electrical Engineering','B.Tech. degree in Electrical Engineering'),(14,'Electrical Engineering','B.Tech. degree in Electronics Engineering'),(15,'Electrical Engineering','B.Tech. degree in Electronics & Telecommunication Engineering'),(16,'Electrical Engineering','M.Tech. degree in Electrical Engineering with specialization in Control Systems'),(17,'Electrical Engineering','M.Tech. degree in Electrical Engineering with specialization in Power Systems'),(18,'Electrical Engineering','M.Tech. degree in Electronics'),(19,'Electrical Engineering','M.Tech. degree in Electronics and Telecommunications Engineering'),(20,'Electrical Engineering','Ph.D. (Electrical) Ph.D. (Electronics)'),(21,'Mechanical Engineering','Diploma in Mechanical Engineering'),(22,'Mechanical Engineering','B.Tech. degree in Mechanical Engineering'),(23,'Mechanical Engineering','M.Tech. degree in Mechanical Engineering with specialization in Machine Design'),(24,'Mechanical Engineering','M.Tech. degree in Mechanical Engineering with specialization in Automobile Engineering'),(25,'Mechanical Engineering','M.Tech. degree in Mechanical Engineering with specialization in CAD/CAM and Automation'),(26,'Mechanical Engineering','M.Tech. degree in Mechanical Engineering with specialization in Thermal Engineering'),(27,'Production Engineering','B.Tech. degree in Production Engineering'),(28,'Structural Engineering','M.Tech. degree in Civil Engineering with specialization in Structural Engineering'),(29,'Textile Engineering','Diploma (Textile Manufacturing)'),(30,'Textile Engineering','B. Tech (Textile Technology)'),(31,'Textile Engineering','M. Tech (Textile Technology)'),(32,'Textile Engineering','Ph. D. Textile Technology'),(33,'Humanities & Management',NULL),(34,'Mathematics',NULL),(35,'Physics',NULL),(36,'Technical & Applied Chemistry','Diploma in Chemical Engineering'),(37,'MCA','Master of Computer Application'),(38,'First Year',NULL);
/*!40000 ALTER TABLE `course` ENABLE KEYS */;
UNLOCK TABLES;

--
-- Table structure for table `gradelist`
--

DROP TABLE IF EXISTS `gradelist`;
/*!40101 SET @saved_cs_client     = @@character_set_client */;
/*!40101 SET character_set_client = utf8 */;
CREATE TABLE `gradelist` (
  `registration_number` int(11) NOT NULL,
  `subject_1` varchar(100) DEFAULT NULL,
  `subject_2` varchar(100) DEFAULT NULL,
  `subject_3` varchar(100) DEFAULT NULL,
  `subject_4` varchar(100) DEFAULT NULL,
  `subject_5` varchar(100) DEFAULT NULL,
  PRIMARY KEY (`registration_number`)
) ENGINE=InnoDB DEFAULT CHARSET=utf8mb4 COLLATE=utf8mb4_general_ci;
/*!40101 SET character_set_client = @saved_cs_client */;

--
-- Dumping data for table `gradelist`
--

LOCK TABLES `gradelist` WRITE;
/*!40000 ALTER TABLE `gradelist` DISABLE KEYS */;
INSERT INTO `gradelist` VALUES (23101188,'AB','BB','BC','CC','CD'),(151070001,'AA','AB','BB','BC','CC'),(171060067,'DD','AA','AB','BB','BC'),(181060039,'AA','AB','BB','BC','CC'),(181060059,'AB','BB','BC','CC','CD'),(191010002,'CC','BD','DD','AA','AB'),(191010004,'CD','DD','AA','AB','BB'),(191010007,'DD','AA','AB','BB','BC'),(191010011,'AA','AB','BB','BC','CC'),(191010012,'AB','BB','BC','CC','CD'),(191010013,'AA','AB','BB','BC','CC'),(191010014,'AB','BB','BC','CC','CD'),(191010015,'BB','BC','CC','CD','DD'),(191010017,'BC','CC','CD','DD','AA'),(191010019,'CC','BD','DD','AA','AB'),(191010024,'CD','DD','AA','AB','BB'),(191010025,'DD','AA','AB','BB','BC'),(191010030,'AA','AB','BB','BC','CC'),(191010031,'AB','BB','BC','CC','CD'),(191010032,'AA','AB','BB','BC','CC'),(191010033,'AB','BB','BC','CC','CD'),(191010034,'BB','BC','CC','CD','DD'),(191010035,'BC','CC','CD','DD','AA'),(191010036,'CC','BD','DD','AA','AB'),(191010038,'CD','DD','AA','AB','BB'),(191010041,'DD','AA','AB','BB','BC'),(191010043,'AA','AB','BB','BC','CC'),(191010044,'AB','BB','BC','CC','CD'),(191010045,'AA','AB','BB','BC','CC'),(191010051,'AB','BB','BC','CC','CD'),(191010054,'BB','BC','CC','CD','DD'),(191010055,'BC','CC','CD','DD','AA'),(191010057,'CC','BD','DD','AA','AB'),(191010058,'CD','DD','AA','AB','BB'),(191010059,'DD','AA','AB','BB','BC'),(191010063,'AA','AB','BB','BC','CC'),(191010064,'AB','BB','BC','CC','CD'),(191010065,'AA','AB','BB','BC','CC'),(191010066,'AB','BB','BC','CC','CD'),(191010908,'BB','BC','CC','CD','DD'),(191011003,'BC','CC','CD','DD','AA'),(191011006,'CC','BD','DD','AA','AB'),(191011009,'CD','DD','AA','AB','BB'),(191011016,'DD','AA','AB','BB','BC'),(191011021,'AA','AB','BB','BC','CC'),(191011037,'AB','BB','BC','CC','CD'),(191011046,'AA','AB','BB','BC','CC'),(191011047,'AB','BB','BC','CC','CD'),(191011056,'BB','BC','CC','CD','DD'),(191011060,'BC','CC','CD','DD','AA'),(191011062,'CC','BD','DD','AA','AB'),(191020006,'CD','DD','AA','AB','BB'),(191020008,'DD','AA','AB','BB','BC'),(191020010,'AA','AB','BB','BC','CC'),(191020012,'AB','BB','BC','CC','CD'),(191020018,'AA','AB','BB','BC','CC'),(191020021,'AB','BB','BC','CC','CD'),(191020022,'BB','BC','CC','CD','DD'),(191020027,'BC','CC','CD','DD','AA'),(191020028,'CC','BD','DD','AA','AB'),(191020029,'CD','DD','AA','AB','BB'),(191020031,'DD','AA','AB','BB','BC'),(191020033,'AA','AB','BB','BC','CC'),(191020034,'AB','BB','BC','CC','CD'),(191020036,'AA','AB','BB','BC','CC'),(191020038,'AB','BB','BC','CC','CD'),(191020039,'BB','BC','CC','CD','DD'),(191020040,'BC','CC','CD','DD','AA'),(191020044,'CC','BD','DD','AA','AB'),(191020045,'CD','DD','AA','AB','BB'),(191020046,'DD','AA','AB','BB','BC'),(191020047,'AA','AB','BB','BC','CC'),(191020049,'AB','BB','BC','CC','CD'),(191020050,'AA','AB','BB','BC','CC'),(191020053,'AB','BB','BC','CC','CD'),(191020055,'BB','BC','CC','CD','DD'),(191020058,'BC','CC','CD','DD','AA'),(191020059,'CC','BD','DD','AA','AB'),(191020061,'CD','DD','AA','AB','BB'),(191020067,'DD','AA','AB','BB','BC'),(191020068,'AA','AB','BB','BC','CC'),(191020073,'AB','BB','BC','CC','CD'),(191020075,'AA','AB','BB','BC','CC'),(191020080,'AB','BB','BC','CC','CD'),(191021003,'BB','BC','CC','CD','DD'),(191021004,'BC','CC','CD','DD','AA'),(191021017,'CC','BD','DD','AA','AB'),(191021023,'CD','DD','AA','AB','BB'),(191021032,'DD','AA','AB','BB','BC'),(191021043,'AA','AB','BB','BC','CC'),(191021048,'AB','BB','BC','CC','CD'),(191021052,'AA','AB','BB','BC','CC'),(191021056,'AB','BB','BC','CC','CD'),(191021066,'BB','BC','CC','CD','DD'),(191021069,'BC','CC','CD','DD','AA'),(191021070,'CC','BD','DD','AA','AB'),(191021074,'CD','DD','AA','AB','BB'),(191021077,'DD','AA','AB','BB','BC'),(191030001,'AB','BB','BC','CC','CD'),(191030002,'BB','BC','CC','CD','DD'),(191030003,'BC','CC','CD','DD','AA'),(191030005,'CC','BD','DD','AA','AB'),(191030007,'CD','DD','AA','AB','BB'),(191030008,'DD','AA','AB','BB','BC'),(191030009,'AA','AB','BB','BC','CC'),(191030010,'AB','BB','BC','CC','CD'),(191030013,'AA','AB','BB','BC','CC'),(191030017,'AB','BB','BC','CC','CD'),(191030019,'BB','BC','CC','CD','DD'),(191030020,'BC','CC','CD','DD','AA'),(191030022,'CC','BD','DD','AA','AB'),(191030024,'CD','DD','AA','AB','BB'),(191030025,'DD','AA','AB','BB','BC'),(191030028,'AA','AB','BB','BC','CC'),(191030029,'AB','BB','BC','CC','CD'),(191030031,'AA','AB','BB','BC','CC'),(191030037,'AB','BB','BC','CC','CD'),(191030038,'BB','BC','CC','CD','DD'),(191030039,'BC','CC','CD','DD','AA'),(191030044,'CC','BD','DD','AA','AB'),(191030046,'CD','DD','AA','AB','BB'),(191030049,'DD','AA','AB','BB','BC'),(191030050,'AA','AB','BB','BC','CC'),(191030051,'AB','BB','BC','CC','CD'),(191030052,'AA','AB','BB','BC','CC'),(191030053,'AB','BB','BC','CC','CD'),(191030054,'BB','BC','CC','CD','DD'),(191030055,'BC','CC','CD','DD','AA'),(191030059,'CC','BD','DD','AA','AB'),(191030060,'CD','DD','AA','AB','BB'),(191030063,'DD','AA','AB','BB','BC'),(191030064,'AA','AB','BB','BC','CC'),(191030066,'AB','BB','BC','CC','CD'),(191030067,'AA','AB','BB','BC','CC'),(191030069,'AB','BB','BC','CC','CD'),(191031006,'BB','BC','CC','CD','DD'),(191031011,'BC','CC','CD','DD','AA'),(191031014,'CC','BD','DD','AA','AB'),(191031018,'CD','DD','AA','AB','BB'),(191031021,'DD','AA','AB','BB','BC'),(191031033,'AA','AB','BB','BC','CC'),(191031035,'AB','BB','BC','CC','CD'),(191031041,'AA','AB','BB','BC','CC'),(191031045,'AB','BB','BC','CC','CD'),(191031047,'BB','BC','CC','CD','DD'),(191031062,'BC','CC','CD','DD','AA'),(191040001,'CD','DD','AA','AB','BB'),(191040002,'DD','AA','AB','BB','BC'),(191040003,'AA','AB','BB','BC','CC'),(191040004,'AB','BB','BC','CC','CD'),(191040006,'AA','AB','BB','BC','CC'),(191040007,'AB','BB','BC','CC','CD'),(191040008,'BB','BC','CC','CD','DD'),(191040009,'BC','CC','CD','DD','AA'),(191040010,'CC','BD','DD','AA','AB'),(191040017,'CD','DD','AA','AB','BB'),(191040018,'DD','AA','AB','BB','BC'),(191040020,'AA','AB','BB','BC','CC'),(191040022,'AB','BB','BC','CC','CD'),(191040025,'AA','AB','BB','BC','CC'),(191040026,'AB','BB','BC','CC','CD'),(191040027,'BB','BC','CC','CD','DD'),(191040028,'BC','CC','CD','DD','AA'),(191040029,'CC','BD','DD','AA','AB'),(191040030,'CD','DD','AA','AB','BB'),(191040031,'DD','AA','AB','BB','BC'),(191040037,'AA','AB','BB','BC','CC'),(191040040,'AB','BB','BC','CC','CD'),(191040041,'AA','AB','BB','BC','CC'),(191040042,'AB','BB','BC','CC','CD'),(191040044,'BB','BC','CC','CD','DD'),(191040046,'BC','CC','CD','DD','AA'),(191040047,'CC','BD','DD','AA','AB'),(191040050,'CD','DD','AA','AB','BB'),(191040051,'DD','AA','AB','BB','BC'),(191040055,'AA','AB','BB','BC','CC'),(191040056,'AB','BB','BC','CC','CD'),(191040058,'AA','AB','BB','BC','CC'),(191041021,'CC','BD','DD','AA','AB'),(191050032,'CD','DD','AA','AB','BB'),(191060001,'AA','AB','BB','BC','CC'),(191060003,'AB','BB','BC','CC','CD'),(191060004,'BB','BC','CC','CD','DD'),(191060005,'BC','CC','CD','DD','AA'),(191060009,'CC','BD','DD','AA','AB'),(191060010,'CD','DD','AA','AB','BB'),(191060015,'DD','AA','AB','BB','BC'),(191060020,'AA','AB','BB','BC','CC'),(191060021,'AB','BB','BC','CC','CD'),(191060024,'AA','AB','BB','BC','CC'),(191060025,'AB','BB','BC','CC','CD'),(191060026,'BB','BC','CC','CD','DD'),(191060029,'BC','CC','CD','DD','AA'),(191060030,'CC','BD','DD','AA','AB'),(191060032,'CD','DD','AA','AB','BB'),(191060035,'DD','AA','AB','BB','BC'),(191060036,'AA','AB','BB','BC','CC'),(191060037,'AB','BB','BC','CC','CD'),(191060038,'AA','AB','BB','BC','CC'),(191060039,'AB','BB','BC','CC','CD'),(191060040,'BB','BC','CC','CD','DD'),(191060041,'BC','CC','CD','DD','AA'),(191060046,'CC','BD','DD','AA','AB'),(191060047,'CD','DD','AA','AB','BB'),(191060048,'DD','AA','AB','BB','BC'),(191060051,'AA','AB','BB','BC','CC'),(191060053,'AB','BB','BC','CC','CD'),(191060055,'AA','AB','BB','BC','CC'),(191060059,'AB','BB','BC','CC','CD'),(191060061,'BB','BC','CC','CD','DD'),(191060062,'BC','CC','CD','DD','AA'),(191060064,'CC','BD','DD','AA','AB'),(191060065,'CD','DD','AA','AB','BB'),(191060067,'DD','AA','AB','BB','BC'),(191060068,'AA','AB','BB','BC','CC'),(191060072,'AB','BB','BC','CC','CD'),(191060073,'AA','AB','BB','BC','CC'),(191060074,'AB','BB','BC','CC','CD'),(191060075,'BB','BC','CC','CD','DD'),(191060076,'BC','CC','CD','DD','AA'),(191060079,'CC','BD','DD','AA','AB'),(191060080,'CD','DD','AA','AB','BB'),(191060081,'DD','AA','AB','BB','BC'),(191060082,'AA','AB','BB','BC','CC'),(191060083,'AB','BB','BC','CC','CD'),(191060084,'AA','AB','BB','BC','CC'),(191060085,'AB','BB','BC','CC','CD'),(191060086,'BB','BC','CC','CD','DD'),(191060087,'BC','CC','CD','DD','AA'),(191060088,'CC','BD','DD','AA','AB'),(191060089,'CD','DD','AA','AB','BB'),(191060090,'DD','AA','AB','BB','BC'),(191060091,'AA','AB','BB','BC','CC'),(191060092,'AB','BB','BC','CC','CD'),(191060093,'AA','AB','BB','BC','CC'),(191060094,'AB','BB','BC','CC','CD'),(191060095,'BB','BC','CC','CD','DD'),(191060096,'BC','CC','CD','DD','AA'),(191060097,'CC','BD','DD','AA','AB'),(191060098,'CD','DD','AA','AB','BB'),(191060099,'DD','AA','AB','BB','BC'),(191060100,'AA','AB','BB','BC','CC'),(191060101,'AB','BB','BC','CC','CD'),(191060102,'AA','AB','BB','BC','CC'),(191060103,'AB','BB','BC','CC','CD'),(191060104,'BB','BC','CC','CD','DD'),(191060105,'BC','CC','CD','DD','AA'),(191060106,'CC','BD','DD','AA','AB'),(191060107,'CD','DD','AA','AB','BB'),(191061006,'CD','DD','AA','AB','BB'),(191061008,'DD','AA','AB','BB','BC'),(191061012,'AA','AB','BB','BC','CC'),(191061013,'AB','BB','BC','CC','CD'),(191061016,'AA','AB','BB','BC','CC'),(191061017,'AB','BB','BC','CC','CD'),(191061027,'BB','BC','CC','CD','DD'),(191061031,'BC','CC','CD','DD','AA'),(191061033,'CC','BD','DD','AA','AB'),(191061042,'CD','DD','AA','AB','BB'),(191061049,'DD','AA','AB','BB','BC'),(191061050,'AA','AB','BB','BC','CC'),(191061056,'AB','BB','BC','CC','CD'),(191061060,'AA','AB','BB','BC','CC'),(191061063,'AB','BB','BC','CC','CD'),(191061070,'BB','BC','CC','CD','DD'),(191061077,'BC','CC','CD','DD','AA'),(191070002,'AB','BB','BC','CC','CD'),(191070003,'AA','AB','BB','BC','CC'),(191070004,'AB','BB','BC','CC','CD'),(191070007,'BB','BC','CC','CD','DD'),(191070008,'BC','CC','CD','DD','AA'),(191070011,'CC','BD','DD','AA','AB'),(191070013,'CD','DD','AA','AB','BB'),(191070015,'DD','AA','AB','BB','BC'),(191070018,'AA','AB','BB','BC','CC'),(191070019,'AB','BB','BC','CC','CD'),(191070020,'AA','AB','BB','BC','CC'),(191070022,'AB','BB','BC','CC','CD'),(191070024,'BB','BC','CC','CD','DD'),(191070025,'BC','CC','CD','DD','AA'),(191070027,'CC','BD','DD','AA','AB'),(191070029,'CD','DD','AA','AB','BB'),(191070031,'DD','AA','AB','BB','BC'),(191070032,'AA','AB','BB','BC','CC'),(191070033,'AB','BB','BC','CC','CD'),(191070035,'AA','AB','BB','BC','CC'),(191070036,'AB','BB','BC','CC','CD'),(191070038,'BB','BC','CC','CD','DD'),(191070040,'BC','CC','CD','DD','AA'),(191070041,'CC','BD','DD','AA','AB'),(191070044,'CD','DD','AA','AB','BB'),(191070045,'DD','AA','AB','BB','BC'),(191070047,'AA','AB','BB','BC','CC'),(191070050,'AB','BB','BC','CC','CD'),(191070051,'AA','AB','BB','BC','CC'),(191070052,'AB','BB','BC','CC','CD'),(191070053,'BB','BC','CC','CD','DD'),(191070054,'BC','CC','CD','DD','AA'),(191070055,'CC','BD','DD','AA','AB'),(191070058,'CD','DD','AA','AB','BB'),(191070059,'DD','AA','AB','BB','BC'),(191070061,'AA','AB','BB','BC','CC'),(191070062,'AB','BB','BC','CC','CD'),(191070064,'AA','AB','BB','BC','CC'),(191070065,'AB','BB','BC','CC','CD'),(191070071,'BB','BC','CC','CD','DD'),(191070078,'CC','BD','DD','AA','AB'),(191070081,'CD','DD','AA','AB','BB'),(191070173,'BC','CC','CD','DD','AA'),(191071001,'AA','AB','BB','BC','CC'),(191071006,'AB','BB','BC','CC','CD'),(191071012,'AA','AB','BB','BC','CC'),(191071014,'AB','BB','BC','CC','CD'),(191071016,'BB','BC','CC','CD','DD'),(191071026,'BC','CC','CD','DD','AA'),(191071028,'CC','BD','DD','AA','AB'),(191071042,'CD','DD','AA','AB','BB'),(191071048,'DD','AA','AB','BB','BC'),(191071056,'AA','AB','BB','BC','CC'),(191071060,'AB','BB','BC','CC','CD'),(191071068,'AA','AB','BB','BC','CC'),(191071069,'AB','BB','BC','CC','CD'),(191071072,'BB','BC','CC','CD','DD'),(191071075,'BC','CC','CD','DD','AA'),(191071079,'CC','BD','DD','AA','AB'),(191080001,'AA','AB','BB','BC','CC'),(191080002,'AB','BB','BC','CC','CD'),(191080003,'AA','AB','BB','BC','CC'),(191080005,'AB','BB','BC','CC','CD'),(191080006,'BB','BC','CC','CD','DD'),(191080008,'BC','CC','CD','DD','AA'),(191080010,'CC','BD','DD','AA','AB'),(191080012,'CD','DD','AA','AB','BB'),(191080015,'DD','AA','AB','BB','BC'),(191080016,'AA','AB','BB','BC','CC'),(191080017,'AB','BB','BC','CC','CD'),(191080018,'AA','AB','BB','BC','CC'),(191080020,'AB','BB','BC','CC','CD'),(191080021,'BB','BC','CC','CD','DD'),(191080022,'BC','CC','CD','DD','AA'),(191080023,'CC','BD','DD','AA','AB'),(191080024,'CD','DD','AA','AB','BB'),(191080025,'DD','AA','AB','BB','BC'),(191080026,'AA','AB','BB','BC','CC'),(191080027,'AB','BB','BC','CC','CD'),(191080032,'AA','AB','BB','BC','CC'),(191080038,'AB','BB','BC','CC','CD'),(191080040,'BB','BC','CC','CD','DD'),(191080046,'BC','CC','CD','DD','AA'),(191080047,'CC','BD','DD','AA','AB'),(191080048,'CD','DD','AA','AB','BB'),(191080049,'DD','AA','AB','BB','BC'),(191080050,'AA','AB','BB','BC','CC'),(191080051,'AB','BB','BC','CC','CD'),(191080053,'AA','AB','BB','BC','CC'),(191080054,'AB','BB','BC','CC','CD'),(191080055,'BB','BC','CC','CD','DD'),(191080056,'BC','CC','CD','DD','AA'),(191080058,'CC','BD','DD','AA','AB'),(191080059,'CD','DD','AA','AB','BB'),(191080060,'DD','AA','AB','BB','BC'),(191080062,'AA','AB','BB','BC','CC'),(191080063,'AB','BB','BC','CC','CD'),(191080065,'AA','AB','BB','BC','CC'),(191080067,'AB','BB','BC','CC','CD'),(191080070,'BB','BC','CC','CD','DD'),(191080071,'BC','CC','CD','DD','AA'),(191080073,'CC','BD','DD','AA','AB'),(191080074,'CD','DD','AA','AB','BB'),(191080075,'DD','AA','AB','BB','BC'),(191080077,'AA','AB','BB','BC','CC'),(191080079,'AB','BB','BC','CC','CD'),(191080080,'AA','AB','BB','BC','CC'),(191081013,'AB','BB','BC','CC','CD'),(191081014,'BB','BC','CC','CD','DD'),(191081028,'BC','CC','CD','DD','AA'),(191081031,'CC','BD','DD','AA','AB'),(191081033,'CD','DD','AA','AB','BB'),(191081034,'DD','AA','AB','BB','BC'),(191081035,'AA','AB','BB','BC','CC'),(191081036,'AB','BB','BC','CC','CD'),(191081037,'AA','AB','BB','BC','CC'),(191081042,'AB','BB','BC','CC','CD'),(191081044,'BB','BC','CC','CD','DD'),(191081045,'BC','CC','CD','DD','AA'),(191081057,'CC','BD','DD','AA','AB'),(191081061,'CD','DD','AA','AB','BB'),(191081064,'DD','AA','AB','BB','BC'),(191081078,'AA','AB','BB','BC','CC'),(191090002,'BC','CC','CD','DD','AA'),(191090003,'CC','BD','DD','AA','AB'),(191090005,'CD','DD','AA','AB','BB'),(191090008,'DD','AA','AB','BB','BC'),(191090011,'AA','AB','BB','BC','CC'),(191090012,'AB','BB','BC','CC','CD'),(191090017,'AA','AB','BB','BC','CC'),(191090018,'AB','BB','BC','CC','CD'),(191090022,'BB','BC','CC','CD','DD'),(191090023,'BC','CC','CD','DD','AA'),(191090027,'CC','BD','DD','AA','AB'),(191090032,'CD','DD','AA','AB','BB'),(191090034,'DD','AA','AB','BB','BC'),(191090036,'AA','AB','BB','BC','CC'),(191090040,'AB','BB','BC','CC','CD'),(191090041,'AA','AB','BB','BC','CC'),(191090042,'AB','BB','BC','CC','CD'),(191090044,'BB','BC','CC','CD','DD'),(191090048,'BC','CC','CD','DD','AA'),(191090049,'CC','BD','DD','AA','AB'),(191090050,'CD','DD','AA','AB','BB'),(191090051,'DD','AA','AB','BB','BC'),(191090052,'AA','AB','BB','BC','CC'),(191090053,'AB','BB','BC','CC','CD'),(191090055,'AA','AB','BB','BC','CC'),(191090056,'AB','BB','BC','CC','CD'),(191090062,'BB','BC','CC','CD','DD'),(191090063,'BC','CC','CD','DD','AA'),(191090064,'CC','BD','DD','AA','AB'),(191090065,'CD','DD','AA','AB','BB'),(191090066,'DD','AA','AB','BB','BC'),(191090067,'AA','AB','BB','BC','CC'),(191090068,'AB','BB','BC','CC','CD'),(191090071,'AA','AB','BB','BC','CC'),(191090073,'AB','BB','BC','CC','CD'),(191091004,'BB','BC','CC','CD','DD'),(191091006,'BC','CC','CD','DD','AA'),(191091016,'CC','BD','DD','AA','AB'),(191091020,'CC','BD','DD','AA','AB'),(191091021,'CD','DD','AA','AB','BB'),(191091025,'DD','AA','AB','BB','BC'),(191091031,'AA','AB','BB','BC','CC'),(191091046,'AB','BB','BC','CC','CD'),(191091047,'AA','AB','BB','BC','CC'),(191091057,'AB','BB','BC','CC','CD'),(191091059,'BB','BC','CC','CD','DD'),(191091060,'BC','CC','CD','DD','AA'),(191091061,'CC','BD','DD','AA','AB'),(191091070,'CD','DD','AA','AB','BB'),(191091074,'DD','AA','AB','BB','BC'),(192070082,'DD','AA','AB','BB','BC'),(201010904,'DD','AA','AB','BB','BC'),(201010908,'AA','AB','BB','BC','CC'),(201010910,'AB','BB','BC','CC','CD'),(201010913,'AA','AB','BB','BC','CC'),(201011901,'AB','BB','BC','CC','CD'),(201011902,'BB','BC','CC','CD','DD'),(201011903,'BC','CC','CD','DD','AA'),(201011906,'CC','BD','DD','AA','AB'),(201011907,'CD','DD','AA','AB','BB'),(201011911,'DD','AA','AB','BB','BC'),(201020901,'AA','AB','BB','BC','CC'),(201020902,'AB','BB','BC','CC','CD'),(201020903,'AA','AB','BB','BC','CC'),(201020904,'AB','BB','BC','CC','CD'),(201021906,'BB','BC','CC','CD','DD'),(201021907,'BC','CC','CD','DD','AA'),(201021908,'CC','BD','DD','AA','AB'),(201030901,'CD','DD','AA','AB','BB'),(201030906,'DD','AA','AB','BB','BC'),(201031904,'AA','AB','BB','BC','CC'),(201031909,'AB','BB','BC','CC','CD'),(201031910,'AA','AB','BB','BC','CC'),(201031911,'AB','BB','BC','CC','CD'),(201031912,'BB','BC','CC','CD','DD'),(201061902,'CD','DD','AA','AB','BB'),(201061903,'DD','AA','AB','BB','BC'),(201070905,'CD','DD','AA','AB','BB'),(201071903,'DD','AA','AB','BB','BC'),(201071906,'AA','AB','BB','BC','CC'),(201071907,'AB','BB','BC','CC','CD'),(201071908,'AA','AB','BB','BC','CC'),(201080902,'AB','BB','BC','CC','CD'),(201080903,'AA','AB','BB','BC','CC'),(201080908,'AB','BB','BC','CC','CD'),(201081904,'BB','BC','CC','CD','DD'),(201081905,'BC','CC','CD','DD','AA'),(201081907,'CC','BD','DD','AA','AB'),(201090903,'AA','AB','BB','BC','CC'),(201090908,'AB','BB','BC','CC','CD'),(201091905,'AA','AB','BB','BC','CC'),(201091906,'AB','BB','BC','CC','CD'),(201091907,'BB','BC','CC','CD','DD'),(201091911,'BC','CC','CD','DD','AA'),(201091912,'CC','BD','DD','AA','AB'),(201091914,'CD','DD','AA','AB','BB'),(211011046,'BB','BC','CC','CD','DD'),(211061051,'CD','DD','AA','AB','BB'),(221060010,'AA','AB','BB','BC','CC'),(221060041,'CD','DD','AA','AB','BB'),(221061008,'AB','BB','BC','CC','CD'),(221061034,'BC','CC','CD','DD','AA'),(221061057,'AB','BB','BC','CC','CD'),(221071012,'BC','CC','CD','DD','AA'),(221071018,'AA','AB','BB','BC','CC'),(221072020,'AA','AB','BB','BC','CC'),(221091005,'AA','AB','BB','BC','CC'),(221091008,'DD','AA','AB','BB','BC'),(221091010,'CC','BD','DD','AA','AB'),(221091037,'BB','BC','CC','CD','DD'),(221091070,'CC','BD','DD','AA','AB'),(231011004,'AB','BB','BC','CC','CD'),(231011032,'DD','AA','AB','BB','BC'),(231011038,'AA','AB','BB','BC','CC'),(231051026,'AB','BB','BC','CC','CD'),(231070902,'AB','BB','BC','CC','CD'),(231070903,'BB','BC','CC','CD','DD'),(231070905,'AB','BB','BC','CC','CD'),(231070907,'AA','AB','BB','BC','CC'),(231070908,'BC','CC','CD','DD','AA'),(231071034,'BC','CC','CD','DD','AA'),(231071901,'DD','AA','AB','BB','BC'),(231071904,'CD','DD','AA','AB','BB'),(231071906,'CC','BD','DD','AA','AB'),(231080902,'AA','AB','BB','BC','CC'),(231080903,'CC','BD','DD','AA','AB'),(231080908,'AB','BB','BC','CC','CD'),(231080910,'CD','DD','AA','AB','BB'),(231081905,'AA','AB','BB','BC','CC'),(231081906,'BC','CC','CD','DD','AA'),(231081907,'AA','AB','BB','BC','CC'),(231081908,'BB','BC','CC','CD','DD'),(231081909,'AB','BB','BC','CC','CD'),(231081911,'DD','AA','AB','BB','BC'),(231091027,'BB','BC','CC','CD','DD');
/*!40000 ALTER TABLE `gradelist` ENABLE KEYS */;
UNLOCK TABLES;

--
-- Table structure for table `logs`
--

DROP TABLE IF EXISTS `logs`;
/*!40101 SET @saved_cs_client     = @@character_set_client */;
/*!40101 SET character_set_client = utf8 */;
CREATE TABLE `logs` (
  `log_id` int(11) NOT NULL AUTO_INCREMENT,
  `table_name` varchar(255) DEFAULT NULL,
  `column_name` varchar(255) DEFAULT NULL,
  `row_id` int(11) DEFAULT NULL,
  `old_value` text DEFAULT NULL,
  `new_value` text DEFAULT NULL,
  `change_date` timestamp NOT NULL DEFAULT current_timestamp(),
  PRIMARY KEY (`log_id`)
) ENGINE=InnoDB DEFAULT CHARSET=utf8mb4 COLLATE=utf8mb4_general_ci;
/*!40101 SET character_set_client = @saved_cs_client */;

--
-- Dumping data for table `logs`
--

LOCK TABLES `logs` WRITE;
/*!40000 ALTER TABLE `logs` DISABLE KEYS */;
/*!40000 ALTER TABLE `logs` ENABLE KEYS */;
UNLOCK TABLES;

--
-- Table structure for table `professor_administrator`
--

DROP TABLE IF EXISTS `professor_administrator`;
/*!40101 SET @saved_cs_client     = @@character_set_client */;
/*!40101 SET character_set_client = utf8 */;
CREATE TABLE `professor_administrator` (
  `professor_id` int(11) NOT NULL,
  `administrator_id` int(11) NOT NULL,
  PRIMARY KEY (`professor_id`,`administrator_id`),
  KEY `administrator_id` (`administrator_id`),
  CONSTRAINT `professor_administrator_ibfk_1` FOREIGN KEY (`professor_id`) REFERENCES `Professors` (`ProfessorID`),
  CONSTRAINT `professor_administrator_ibfk_2` FOREIGN KEY (`administrator_id`) REFERENCES `administrator` (`administrator_id`)
) ENGINE=InnoDB DEFAULT CHARSET=utf8mb4 COLLATE=utf8mb4_general_ci;
/*!40101 SET character_set_client = @saved_cs_client */;

--
-- Dumping data for table `professor_administrator`
--

LOCK TABLES `professor_administrator` WRITE;
/*!40000 ALTER TABLE `professor_administrator` DISABLE KEYS */;
INSERT INTO `professor_administrator` VALUES (1,1),(2,1),(3,1),(4,1),(5,2),(6,2),(7,2),(8,2),(9,1),(10,2),(11,1),(12,2),(13,2),(14,1),(15,2),(16,2),(17,2),(18,1),(19,1),(20,2),(21,2),(22,1),(23,2),(24,2),(25,1),(26,2),(27,2),(28,2),(29,1),(30,1),(31,1),(32,1),(33,2),(34,2),(35,2),(36,2),(37,2),(38,1),(39,1),(40,1),(41,2),(42,2),(43,2),(44,2),(45,2),(46,1),(47,2),(48,2),(49,2),(50,1),(51,2),(52,1),(53,1),(54,1),(55,1),(56,2),(57,2),(58,2),(59,2),(60,2),(61,2),(62,2),(63,2),(64,1),(65,1),(66,1),(67,1),(68,1),(69,1),(70,1),(71,1),(72,2),(73,2),(74,2),(75,2),(76,2),(77,2),(78,2),(79,2),(80,2),(81,1),(82,1);
/*!40000 ALTER TABLE `professor_administrator` ENABLE KEYS */;
UNLOCK TABLES;

--
-- Table structure for table `professor_courses`
--

DROP TABLE IF EXISTS `professor_courses`;
/*!40101 SET @saved_cs_client     = @@character_set_client */;
/*!40101 SET character_set_client = utf8 */;
CREATE TABLE `professor_courses` (
  `professor_id` int(11) NOT NULL,
  `Course_ID` int(11) NOT NULL,
  PRIMARY KEY (`professor_id`,`Course_ID`),
  KEY `Course_ID` (`Course_ID`),
  CONSTRAINT `professor_courses_ibfk_1` FOREIGN KEY (`professor_id`) REFERENCES `Professors` (`ProfessorID`),
  CONSTRAINT `professor_courses_ibfk_2` FOREIGN KEY (`Course_ID`) REFERENCES `course` (`Course_ID`)
) ENGINE=InnoDB DEFAULT CHARSET=utf8mb4 COLLATE=utf8mb4_general_ci;
/*!40101 SET character_set_client = @saved_cs_client */;

--
-- Dumping data for table `professor_courses`
--

LOCK TABLES `professor_courses` WRITE;
/*!40000 ALTER TABLE `professor_courses` DISABLE KEYS */;
INSERT INTO `professor_courses` VALUES (1,1),(1,2),(1,3),(1,4),(2,1),(2,2),(2,3),(2,4),(3,1),(3,2),(3,3),(3,4),(4,1),(4,2),(4,3),(4,4),(5,1),(5,2),(5,3),(5,4),(6,5),(6,6),(6,7),(6,8),(6,9),(6,10),(7,5),(7,6),(7,7),(7,8),(7,9),(7,10),(8,5),(8,6),(8,7),(8,8),(8,9),(8,10),(9,5),(9,6),(9,7),(9,8),(9,9),(9,10),(10,5),(10,6),(10,7),(10,8),(10,9),(10,10),(11,5),(11,6),(11,7),(11,8),(11,9),(11,10),(12,5),(12,6),(12,7),(12,8),(12,9),(12,10),(13,5),(13,6),(13,7),(13,8),(13,9),(13,10),(14,5),(14,6),(14,7),(14,8),(14,9),(14,10),(15,5),(15,6),(15,7),(15,8),(15,9),(15,10),(16,5),(16,6),(16,7),(16,8),(16,9),(16,10),(17,5),(17,6),(17,7),(17,8),(17,9),(17,10),(18,5),(18,6),(18,7),(18,8),(18,9),(18,10),(19,5),(19,6),(19,7),(19,8),(19,9),(19,10),(20,5),(20,6),(20,7),(20,8),(20,9),(20,10),(21,5),(21,6),(21,7),(21,8),(21,9),(21,10),(22,5),(22,6),(22,7),(22,8),(22,9),(22,10),(23,11),(23,12),(23,13),(23,14),(23,15),(23,16),(23,17),(23,18),(23,19),(23,20),(24,11),(24,12),(24,13),(24,14),(24,15),(24,16),(24,17),(24,18),(24,19),(24,20),(25,11),(25,12),(25,13),(25,14),(25,15),(25,16),(25,17),(25,18),(25,19),(25,20),(26,11),(26,12),(26,13),(26,14),(26,15),(26,16),(26,17),(26,18),(26,19),(26,20),(27,11),(27,12),(27,13),(27,14),(27,15),(27,16),(27,17),(27,18),(27,19),(27,20),(28,11),(28,12),(28,13),(28,14),(28,15),(28,16),(28,17),(28,18),(28,19),(28,20),(29,11),(29,12),(29,13),(29,14),(29,15),(29,16),(29,17),(29,18),(29,19),(29,20),(30,11),(30,12),(30,13),(30,14),(30,15),(30,16),(30,17),(30,18),(30,19),(30,20),(31,11),(31,12),(31,13),(31,14),(31,15),(31,16),(31,17),(31,18),(31,19),(31,20),(32,11),(32,12),(32,13),(32,14),(32,15),(32,16),(32,17),(32,18),(32,19),(32,20),(33,21),(33,22),(33,23),(33,24),(33,25),(33,26),(34,21),(34,22),(34,23),(34,24),(34,25),(34,26),(35,21),(35,22),(35,23),(35,24),(35,25),(35,26),(36,21),(36,22),(36,23),(36,24),(36,25),(36,26),(37,21),(37,22),(37,23),(37,24),(37,25),(37,26),(38,21),(38,22),(38,23),(38,24),(38,25),(38,26),(39,21),(39,22),(39,23),(39,24),(39,25),(39,26),(40,21),(40,22),(40,23),(40,24),(40,25),(40,26),(41,21),(41,22),(41,23),(41,24),(41,25),(41,26),(42,21),(42,22),(42,23),(42,24),(42,25),(42,26),(43,21),(43,22),(43,23),(43,24),(43,25),(43,26),(44,21),(44,22),(44,23),(44,24),(44,25),(44,26),(45,21),(45,22),(45,23),(45,24),(45,25),(45,26),(46,21),(46,22),(46,23),(46,24),(46,25),(46,26),(47,21),(47,22),(47,23),(47,24),(47,25),(47,26),(48,21),(48,22),(48,23),(48,24),(48,25),(48,26),(49,21),(49,22),(49,23),(49,24),(49,25),(49,26),(50,27),(51,27),(52,27),(53,27),(54,27),(55,27),(56,27),(57,27),(58,28),(59,28),(60,28),(61,28),(62,28),(63,29),(63,30),(63,31),(63,32),(64,29),(64,30),(64,31),(64,32),(65,29),(65,30),(65,31),(65,32),(66,29),(66,30),(66,31),(66,32),(67,29),(67,30),(67,31),(67,32),(68,29),(68,30),(68,31),(68,32),(69,33),(70,33),(71,34),(72,34),(73,35),(74,35),(75,36),(76,36),(77,36),(78,36),(79,37),(80,37),(81,37),(82,37);
/*!40000 ALTER TABLE `professor_courses` ENABLE KEYS */;
UNLOCK TABLES;

--
-- Table structure for table `student_administrator`
--

DROP TABLE IF EXISTS `student_administrator`;
/*!40101 SET @saved_cs_client     = @@character_set_client */;
/*!40101 SET character_set_client = utf8 */;
CREATE TABLE `student_administrator` (
  `registration_id` int(11) NOT NULL,
  `administrator_id` int(11) DEFAULT NULL,
  PRIMARY KEY (`registration_id`)
) ENGINE=InnoDB DEFAULT CHARSET=utf8mb4 COLLATE=utf8mb4_general_ci;
/*!40101 SET character_set_client = @saved_cs_client */;

--
-- Dumping data for table `student_administrator`
--

LOCK TABLES `student_administrator` WRITE;
/*!40000 ALTER TABLE `student_administrator` DISABLE KEYS */;
INSERT INTO `student_administrator` VALUES (221080001,1),(221080002,1),(221080003,1),(221080004,1),(221080007,1),(221080008,1),(221080013,1),(221080014,1),(221080015,1),(221080017,1),(221080019,1),(221080020,1),(221080021,1),(221080022,1),(221080024,1),(221080025,1),(221080026,1),(221080029,1),(221080030,1),(221080031,1),(221080032,1),(221080035,1),(221080037,1),(221080038,1),(221080039,1),(221080042,1),(221080043,1),(221080044,1),(221080045,1),(221080046,1),(221080047,1),(221080048,2),(221080049,2),(221080050,2),(221080051,2),(221080052,2),(221080053,2),(221080054,2),(221080057,2),(221080058,2),(221080059,2),(221080061,2),(221080062,2),(221080064,2),(221080065,2),(221080066,2),(221080067,2),(221080068,2),(221080069,2),(221080072,2),(221080073,2),(221080074,2),(221080075,2),(221080076,2),(221080077,2),(221081005,2),(221081010,2),(221081011,2),(221081012,2),(221081016,2),(221081018,2),(221081023,2),(221081027,2),(221081028,2),(221081033,2),(221081034,2),(221081036,2),(221081040,2),(221081041,2),(221081055,2),(221081056,2),(221081060,2),(221081063,2),(221081070,2),(221081078,2);
/*!40000 ALTER TABLE `student_administrator` ENABLE KEYS */;
UNLOCK TABLES;

--
-- Table structure for table `student_courses`
--

DROP TABLE IF EXISTS `student_courses`;
/*!40101 SET @saved_cs_client     = @@character_set_client */;
/*!40101 SET character_set_client = utf8 */;
CREATE TABLE `student_courses` (
  `registration_id` int(11) NOT NULL,
  `course_id` int(11) NOT NULL,
  PRIMARY KEY (`registration_id`,`course_id`),
  KEY `idx_student_courses_course_id` (`course_id`)
) ENGINE=InnoDB DEFAULT CHARSET=utf8mb4 COLLATE=utf8mb4_general_ci;
/*!40101 SET character_set_client = @saved_cs_client */;

--
-- Dumping data for table `student_courses`
--

LOCK TABLES `student_courses` WRITE;
/*!40000 ALTER TABLE `student_courses` DISABLE KEYS */;
INSERT INTO `student_courses` VALUES (221080001,6),(221080002,6),(221080003,6),(221080004,6),(221080007,6),(221080008,6),(221080013,6),(221080014,6),(221080015,6),(221080017,6),(221080019,6),(221080020,6),(221080021,6),(221080022,6),(221080024,6),(221080025,6),(221080026,6),(221080029,6),(221080030,6),(221080031,6),(221080032,6),(221080035,6),(221080037,6),(221080038,6),(221080039,6),(221080042,6),(221080043,6),(221080044,6),(221080045,6),(221080046,6),(221080047,6),(221080048,6),(221080049,6),(221080050,6),(221080051,6),(221080052,6),(221080053,6),(221080054,6),(221080057,6),(221080058,6),(221080059,6),(221080061,6),(221080062,6),(221080064,6),(221080065,6),(221080066,6),(221080067,6),(221080068,6),(221080069,6),(221080072,6),(221080073,6),(221080074,6),(221080075,6),(221080076,6),(221080077,6),(221081005,6),(221081010,6),(221081011,6),(221081012,6),(221081016,6),(221081018,6),(221081023,6),(221081027,6),(221081028,6),(221081033,6),(221081034,6),(221081036,6),(221081040,6),(221081041,6),(221081055,6),(221081056,6),(221081060,6),(221081063,6),(221081070,6),(221081078,6);
/*!40000 ALTER TABLE `student_courses` ENABLE KEYS */;
UNLOCK TABLES;

--
-- Table structure for table `students`
--

DROP TABLE IF EXISTS `students`;
/*!40101 SET @saved_cs_client     = @@character_set_client */;
/*!40101 SET character_set_client = utf8 */;
CREATE TABLE `students` (
  `Email_Address` varchar(255) NOT NULL DEFAULT 'NULL',
  `Registration_ID` int(11) DEFAULT NULL,
  `Application_ID` varchar(20) DEFAULT NULL,
  `Date_of_Admission` date DEFAULT NULL,
  `Admission_Fees_Paid` decimal(10,2) DEFAULT NULL,
  `Receipt_URL` varchar(255) DEFAULT NULL,
  `Full_Name` varchar(255) DEFAULT NULL,
  `First_Name` varchar(50) DEFAULT NULL,
  `Middle_Name` varchar(50) DEFAULT NULL,
  `SURNAME` varchar(50) DEFAULT NULL,
  `Father_Name` varchar(255) DEFAULT NULL,
  `Mother_Name` varchar(255) DEFAULT NULL,
  `Email_ID` varchar(255) DEFAULT NULL,
  `Contact_Number` varchar(20) DEFAULT NULL,
  `Gender` varchar(10) DEFAULT NULL,
  `Date_of_Birth` date DEFAULT NULL,
  `Category` varchar(50) DEFAULT NULL,
  `Blood_Group` varchar(5) DEFAULT NULL,
  `Physically_Handicap` varchar(3) DEFAULT NULL,
  `Handicap_Type` varchar(50) DEFAULT NULL,
  UNIQUE KEY `Registration_ID` (`Registration_ID`),
  UNIQUE KEY `Application_ID` (`Application_ID`),
  UNIQUE KEY `Email_ID` (`Email_ID`),
  KEY `idx_students_full_name` (`Full_Name`),
  KEY `idx_students_registration_id` (`Registration_ID`)
) ENGINE=InnoDB DEFAULT CHARSET=utf8mb4 COLLATE=utf8mb4_general_ci;
/*!40101 SET character_set_client = @saved_cs_client */;

--
-- Dumping data for table `students`
--

LOCK TABLES `students` WRITE;
/*!40000 ALTER TABLE `students` DISABLE KEYS */;
INSERT INTO `students` VALUES ('aaadsul_b22@it.vjti.ac.in',221080043,'EN22202019','2022-01-11',85551.00,'https://drive.google.com/open?id=1jbOjMlfwtKRSq6COcoFoGa_KGgjtCRAR','ABHIJIT ATUL ADSUL','ABHIJIT','ATUL','ADSUL','ATUL','VARSHA','abhijitadsul2004@gmail.com','7977526808','Male','2004-07-10','General','B+','No',NULL),('aabodas_b22@it.vjti.ac.in',221080008,'EN22233818','2022-11-20',85551.00,'https://drive.google.com/open?id=1Od3Jr63odEbD2G5syYRMo9-BEbxK0rGj','AARYA ANANT BODAS','AARYA','ANANT','BODAS','ANANT','SHRUTI','aabodas_b22@it.vjti.ac.in','9820673543','Male','2003-10-16','General','O+','No',NULL),('aadityajp0419@gmail.com',231070907,NULL,NULL,NULL,NULL,'Aaditya Padte','Aaditya',NULL,'Padte',NULL,NULL,NULL,'8087824782',NULL,'2004-11-20','OBC',NULL,NULL,NULL),('aagotpagar_b22@it.vjti.ac.in',221080020,'EN22183263','2022-01-11',4701.00,'https://drive.google.com/open?id=1HjM2dbOoPFHQDN--cLzuK316SOpeV1Hy','AMRUT ABA GOTPAGAR','AMRUT','ABA','GOTPAGAR','ABA','REKHA','amrutgotpagar@gmail.com','9594936347','Male','2004-03-11','SC','A+','No',NULL),('aanemade_b22@it.vjti.ac.in',231081911,NULL,NULL,NULL,NULL,'Anisha Nemade','Anisha',NULL,'Nemade',NULL,NULL,NULL,'9604419898',NULL,'2004-09-12','OBC',NULL,NULL,NULL),('aasthaasjeswani_b22@it.vjti.ac.in',221081023,'EN22154198','2022-11-11',85551.00,'https://drive.google.com/open?id=1JQ7b3u7JYb-A2UxDNd0Qdx0lQP30g1Zr','AASTHA SUNIL JESWANI','AASTHA','SUNIL','JESWANI','SUNIL','ANITA','sunil.jaiswani40@gmail.com','7558212120','Female','2004-12-21','OPEN','B+','No',NULL),('abchitroda_b22@it.vjti.ac.in',221081011,'EN22107883','2022-10-11',85551.00,'https://drive.google.com/open?id=1S1g66EtW_0dKfMU_eE5k1fHazq5CXg4B','AASTHA BHARATKUMAR CHITRODA','AASTHA','BHARATKUMAR','CHITRODA','BHARATKUMAR','SAROJ','aasthachitroda2910@gmail.com','8356920743','Female','2004-10-29','General','A+','No',NULL),('aboliadikane@gmail.com',231011004,NULL,NULL,NULL,NULL,'Aboli Adikane','Aboli',NULL,'Adikane',NULL,NULL,NULL,'9421829021',NULL,NULL,NULL,NULL,NULL,NULL),('adityajadhav@gmail.com',191010025,NULL,NULL,NULL,NULL,'Aditya Anil Jadhav',NULL,NULL,NULL,NULL,NULL,NULL,NULL,NULL,NULL,NULL,NULL,NULL,NULL),('adityakrishna@gmail.com',191010002,NULL,NULL,NULL,NULL,'Aditya Krishna',NULL,NULL,NULL,NULL,NULL,NULL,NULL,NULL,NULL,NULL,NULL,NULL,NULL),('ahawaskar_b22@it.vjti.ac.in',221080066,'EN22147310','2022-10-11',85551.00,'https://drive.google.com/open?id=1PEM9aHRegy_gGM1S1bmLz0gP7cx5JhuL','ADI HENRY AWASKAR','ADI','HENRY','AWASKAR','HENRY','SENORA','adiawaskar04@gmail.com','9137605069','Male','2004-11-14','Open','B-','No',NULL),('aj2303752@gmail.com',231070905,NULL,NULL,NULL,NULL,'Aniket Jadhav','Aniket',NULL,'Jadhav',NULL,NULL,NULL,'9920750836',NULL,'2005-08-31','VJ-A',NULL,NULL,NULL),('akhilshalia@gmail.com',191010004,NULL,NULL,NULL,NULL,'Akhil Shalia',NULL,NULL,NULL,NULL,NULL,NULL,NULL,NULL,NULL,NULL,NULL,NULL,NULL),('akkhanzadah_b22@it.vjti.ac.in',221081036,'EN22132980','2022-01-11',85551.00,'https://drive.google.com/open?id=1C3VA5sKjHiqNjhL42sJKPrEPCXk22jD8','ANAM KHIZAR KHANZADAH','ANAM','KHIZAR','KHANZADAH','KHIZAR','MEHJABEEN','anam.khanzada26@gmail.com','7900021470','Female','2004-11-26','Open','A+','No',NULL),('akshaydhongade@gmail.com',191010014,NULL,NULL,NULL,NULL,'Akshay Yuvraj Dhongade',NULL,NULL,NULL,NULL,NULL,NULL,NULL,NULL,NULL,NULL,NULL,NULL,NULL),('amdeshpande_b22@it.vjti.ac.in',221080013,'EN22102086','2022-01-11',85551.00,'https://drive.google.com/open?id=1cbqcnPfMuoxLLcNKIyWWtJwjQYjIVlzX','ANISH MANGESH DESHPANDE','ANISH','MANGESH','DESHPANDE','MANGESH','MRINAL','anishmdeshpande@gmail.com','7506044109','Male','2004-09-04','Open','O+','No',NULL),('amyedurkar_b22@it.vjti.ac.in',221080076,'EN22198156','2022-11-20',85551.00,'https://drive.google.com/open?id=1KJL2yVPReiFvQ0LyU-aPdsHHafAksHql','ADITYA MARUTI YEDURKAR','ADITYA','MARUTI','YEDURKAR','MARUTI','SUREKHA','aditya.yedurkar@gmail.com','9819829427','Male','2004-10-26','Open','O+','No',NULL),('aniketbhangale@gmail.com',231080902,NULL,NULL,NULL,NULL,'Aniket Bhangale','Aniket',NULL,'Bhangale',NULL,NULL,NULL,'8668898707',NULL,'2005-04-10','OBC',NULL,NULL,NULL),('anushkapatwe@gmail.com',211011046,NULL,NULL,NULL,NULL,'Anushka Patwe',NULL,NULL,NULL,NULL,NULL,NULL,'8830580030',NULL,NULL,NULL,NULL,NULL,NULL),('aotiwari_b22@it.vjti.ac.in',221080072,'EN22167324','2022-10-19',85551.00,'https://drive.google.com/open?id=1_-jirmUaV92uEB7UoAIOOceZd7usxZRw','AYUSH OMPRAKASH TIWARI','AYUSH','OMPRAKASH','TIWARI','OMPRAKASH','UMA','ayushtiwari08t@gmail.com','8459600340','Male','2004-08-08','Open','A+','Yes','Blood Disorder (Haemophilia)'),('apchinavalkar_b22@it.vjti.ac.in',221081010,'EN20225986','2022-11-14',70551.00,'https://drive.google.com/open?id=1-PbSPQCsFzeTSkSTkylj1993CERHaZ-p','ACHAL PANKAJ CHINAVALKAR','ACHAL','PANKAJ','CHINAVALKAR','PANKAJ','SEEMA','chinavalkarachal@gmail.com','9168216829','Female','2004-04-27','OBC','A+','No',NULL),('apoorvayelomote@gmail.com',221091070,NULL,NULL,NULL,NULL,'Apoorva Yelmote','Apoorva',NULL,'Yelmote',NULL,NULL,NULL,'9307526742',NULL,'2003-12-28','OBC',NULL,NULL,NULL),('apwankhede_b22@it.vjti.ac.in',221080075,'EN22132744','2022-10-20',4701.00,'https://drive.google.com/open?id=1RmBSZXtHc-X0Yh6KLiYd9VlDnZGE8_oc','ADITYA PRASHANT WANKHEDE','ADITYA','PRASHANT','WANKHEDE','PRASHANT','SANGEETA','adityawankhede.and21@gmail.com','8928312004','Male','2004-04-26','SC','A+','No',NULL),('arkhirraiyya_b22@it.vjti.ac.in',221080037,'EN22108951','2004-07-07',78501.00,'https://drive.google.com/open?id=1-8Fg-QRnJNDNOw2gz5OD3H-oa8fwTIOt','AAYUSH RAJESH KHIRRAIYYA','AAYUSH','RAJESH','KHIRRAIYYA','RAJESH','TINKAL','ayushasati04@gmail.com','7620489266','Male','2004-07-07','Open','B+','No',NULL),('arlatane_b22@it.vjti.ac.in',221080039,'EN22217509','2022-11-20',44551.00,'https://drive.google.com/open?id=1n-x4CwLF38JeceOtNX3Q7yp1s6qjFO2l','ADITYA RAMESH LATANE','ADITYA','RAMESH','LATANE','RAMESH','SANGITA','arlatane_b22@it.vjti.ac.in','9096400829','Male','2004-10-13','SBC','B+','No',NULL),('armahajan_b22@it.vjti.ac.in',221081040,'EN22133075','2022-01-11',85551.00,'https://drive.google.com/open?id=1of2A5I1F1VtFl-9GoLq_JaDFNea3Wjz9','ANAGHA RAMDAS MAHAJAN','ANAGHA','RAMDAS','MAHAJAN','RAMDAS','ANJALI','anagharmahajan@gmail.com','9321621391','Female','2004-07-05','General','A+','No',NULL),('armehta_b22@it.vjti.ac.in',221080001,'EN22253348','2022-02-11',0.00,'https://drive.google.com/open?id=1fOq6biY5FJCBrDKctDHYjF26rAvOSL_g','ABHI RAVINDER MEHTA','ABHI','RAVINDER','MEHTA','RAVINDER','SUMAN DEVI','armehta_b22@it.vjti.ac.in','7051384507','Male','2002-03-08','General','AB+','No',NULL),('asgulhane_b22@it.vjti.ac.in',221080021,'EN22170372','2022-11-20',85551.00,'https://drive.google.com/open?id=1RREH8gY4x4pTJMYHOlVzsNM-Y5RA0vbR','AYUSH SANJAY GULHANE','AYUSH','SANJAY','GULHANE','SANJAY','ARTI','agulhane2709@gmail.com','9167797464','Male','2004-09-27','OBC','A+','No',NULL),('aushintre_b22@it.vjti.ac.in',221080067,'EN22197823','2022-02-11',85551.00,'https://drive.google.com/open?id=1B5JXBB9jiY6WCk7Fu2k5ynmw3s8QVzCA','ADITYA UTTAM SHINTRE','ADITYA','UTTAM','SHINTRE','UTTAM','SUJATA','ashintre5.com@gmail.com','8928129851','Male','2004-10-29','Open','B+','No',NULL),('avzaveri_b22@it.vjti.ac.in',221080077,'EN22168636','2022-10-11',85551.00,'https://drive.google.com/open?id=1_0LSicLTM-H_ElpTIuxIT0pLrRmSjCC8','ARYAN VINAY ZAVERI','ARYAN','VINAY','ZAVERI','VINAY','DARSHINI','aryanzaveri5@gmail.com','9820051277','Male','2004-11-04','Open','B+','No',NULL),('bhalekarpratik4@gmail.com',221060010,NULL,NULL,NULL,NULL,'Pratik Bhalekar','Pratik',NULL,'Bhalekar',NULL,NULL,NULL,'8767468193',NULL,'2004-04-11','OPEN',NULL,NULL,NULL),('bhumibatwale1910@gmail.com',231071904,NULL,NULL,NULL,NULL,'Bhumi Batwale','Bhumi',NULL,'Batwale',NULL,NULL,NULL,'9423823291',NULL,'2004-10-19','OBC',NULL,NULL,NULL),('bsparab_b22@it.vjti.ac.in',221080052,'EN22196447','2022-11-20',85551.00,'https://drive.google.com/open?id=1-UgHTvKKiModwUW59HbvE0heFvzaeuSz','BHARGAV SANJAY PARAB','BHARGAV','SANJAY','PARAB','SANJAY','NAMRATA','bsparab_b22@it.vjti.ac.in','9769021556','Male','2005-07-02','Open','AB+','No',NULL),('cgpanvalkar_b22@it.vjti.ac.in',231081905,NULL,NULL,NULL,NULL,'Chaitali Panvalkar','Chaitali',NULL,'Panvalkar',NULL,NULL,NULL,'8446993349',NULL,'2005-07-22','NT-B',NULL,NULL,NULL),('chiragchaudhari@gmail.com',191010012,NULL,NULL,NULL,NULL,'Chirag Janu Chaudhari',NULL,NULL,NULL,NULL,NULL,NULL,NULL,NULL,NULL,NULL,NULL,NULL,NULL),('digambargapat@gmail.com',191010032,NULL,NULL,NULL,NULL,'Digambar Gapat Krishna',NULL,NULL,NULL,NULL,NULL,NULL,NULL,NULL,NULL,NULL,NULL,NULL,NULL),('djvaishnav_b22@it.vjti.ac.in',231081906,NULL,NULL,NULL,NULL,'Dakshayani Vaishnav','Dakshayani',NULL,'Vaishnav',NULL,NULL,NULL,'9421670527',NULL,'2004-04-16','NT-B',NULL,NULL,NULL),('dskasodariya_b22@it.vjti.ac.in',221080029,'EN22134050','2022-02-11',85551.00,'https://drive.google.com/open?id=1hmiSi-_xda5N8vPN4kZeIJBd3xuAnYJ6','DEEP SURESHBHAI KASODARIYA','DEEP','SURESHBHAI','KASODARIYA','SURESHBHAI','NEETABEN','deepkasodariya44@gmail.com','9224164112','Male','2004-04-17','Open','B+','No',NULL),('dvgiri_b22@it.vjti.ac.in',221080019,'EN22154563','2022-11-11',70551.00,'https://drive.google.com/open?id=1S7VKyioWlyVjCl_L1ejn0j60Dh2_PTSr','DHRUV VASANT GIRI','DHRUV','VASANT','GIRI','VASANT','PADMA','dhruvboysick@gmail.com','7489429288','Male','2004-04-08','NT1(B)','B-','No',NULL),('dvsharma_b22@it.vjti.ac.in',221080002,'EN22253377','2022-04-11',0.00,'https://drive.google.com/open?id=147snF6Vr4cei2URFaS4ffa-QyXJNFidH','DIVYANSH VINOD SHARMA','DIVYANSH','VINOD','SHARMA','VINOD','ANJU RANI','sharmadivyansh703@gmail.com','8899620469','Male','2005-01-26','General','A+','No',NULL),('gsjadhav_b22@it.vjti.ac.in',221080022,'EN22155959','2022-01-11',44551.00,'https://drive.google.com/open?id=1O7Q9OtLd3PPUUHhuL4JWGhsPZ8I06NVE','GAURAV SUBHASHCHANDRA JADHAV','GAURAV','SUBHASHCHANDRA','JADHAV','SUBHASHCHANDRA','DEVIKA','gsjadhav_b22@it.vjti.ac.in','9503020575','Male','2004-05-07','VJ','O+','No',NULL),('hiteshtalreja@gmail.com',191010024,NULL,NULL,NULL,NULL,'Hitesh Rajesh Talreja',NULL,NULL,NULL,NULL,NULL,NULL,NULL,NULL,NULL,NULL,NULL,NULL,NULL),('hsmahajan_b22@it.vjti.ac.in',221081041,'EN22108560','2022-11-20',85551.00,'https://drive.google.com/open?id=1n8SODNxoXtWjTw_bhP9R7e9-1zDx5ebM','HARSHALA SUNIL MAHAJAN','HARSHALA','SUNIL','MAHAJAN','SUNIL','KAVITA','hsmahajan_b22@it.vjti.ac.in','8766512865','Female','2004-03-03','OBC','A+','No',NULL),('ibbarshate_b22@el.vjti.ac.in',221061008,NULL,NULL,NULL,NULL,'Isha Barhate','Isha',NULL,'Barhate',NULL,NULL,NULL,'7248972391',NULL,'2004-05-18','OBc',NULL,NULL,NULL),('ishwarijadhav@gmail.com',NULL,NULL,NULL,NULL,NULL,'Ishwari Jadhav','Ishwari',NULL,'Jadhav',NULL,NULL,NULL,'8788013564',NULL,NULL,NULL,NULL,NULL,NULL),('janhaviumredkar@gmail.com',NULL,NULL,NULL,NULL,NULL,'Janhavi Umredkar','Janhavi',NULL,'Umredkar',NULL,NULL,NULL,'9822276605',NULL,NULL,NULL,NULL,NULL,NULL),('jggaikwad_b22@it.vjti.ac.in',221080017,'EN22111455','2022-10-19',4701.00,'https://drive.google.com/open?id=1qKe2lJbTBEPWu1XNswyIKL0WvrQ-MfRB','JAI GANGADHAR GAIKWAD','JAI','GANGADHAR','GAIKWAD','GANGADHAR','SAROJA','gaikwadjai2004@gmail.com','7715010350','Male','2004-01-16','SC','AB+','No',NULL),('jrshah_b22@it.vjti.ac.in',221080062,'EN22108242','2022-10-11',70551.00,'https://drive.google.com/open?id=1TLkVZkto3x4o3O3gLUpKlCxo5q5_ap_n','JASH ROMAL SHAH','JASH','ROMAL','SHAH','ROMAL','KHYATI','jashshah1634@gmail.com','9322949621','Male','2004-03-16','Open','A+','No',NULL),('kddagwar_b22@ce.vjti.ac.in',221071018,NULL,NULL,NULL,NULL,'Kranti Dagwar','Kranti',NULL,'Dagwar',NULL,NULL,NULL,'9356768653',NULL,'2004-02-04','OBC',NULL,NULL,NULL),('kkzoher_b22@it.vjti.ac.in',221081033,'EN22126667','2022-01-11',85551.00,'https://drive.google.com/open?id=1q3le-_Bco9qWKJE5rr_J89sg-s-2M6bF','KHADIJA KAEED ZOHER BHINDERWALA','KHADIJA','KAEED ZOHER','BHINDERWALA','KAEED ZOHER','NAFEESA','Kkzoher_b22@it.vjti.ac.in','9152960526','Female','2004-08-06','CIWGC','A+','No',NULL),('krinal0510@gmail.com',231071906,NULL,NULL,NULL,NULL,'Ketan Shah','Ketan',NULL,'Shah',NULL,NULL,NULL,'7303245789',NULL,'2004-10-05','EWS',NULL,NULL,NULL),('krishporwal18@gmail.com',231080910,NULL,NULL,NULL,NULL,'Krish Porwal','Krish',NULL,'Porwal',NULL,NULL,NULL,'8766540027',NULL,'2004-07-14','EWS',NULL,NULL,NULL),('ksdhanuka_b22@it.vjti.ac.in',221080014,'EN22186043','2022-10-11',85551.00,'https://drive.google.com/open?id=1qjGygj08NP3ZShMUx1VDEANq85DvtqQu','KESHAV SUMEET DHANUKA','KESHAV','SUMEET','DHANUKA','SUMEET','ARCHANA','keshavdhanuka2004@gmail.com','9820798134','Male','2004-01-11','General','B+','No',NULL),('ksmallhi_b22@it.vjti.ac.in',221080042,'EN22121695','2022-10-11',85551.00,'https://drive.google.com/open?id=1u3z4DMr9_MuzBccok8lJeKaPza7ZndLf','KINDIPSINGH SANDIP MALLHI','KINDIPSINGH','SANDIP','MALLHI','SANDIP','KULWINDER','ksmallhi_b22@it.vjti.ac.in','8779907507','Male','2004-02-14','General','A+','No',NULL),('lashah_b22@it.vjti.ac.in',221081063,'EN22119094','2022-11-11',85551.00,'https://drive.google.com/open?id=1l3pOKxOEc1ENrPNZplQBDX4jqssP1I1A','LABDHI ASHISH SHAH','LABDHI','ASHISH','SHAH','ASHISH','MAMTA','labdhishah2004@gmail.com','8080260056','Female','2004-12-21','Open','B+','No',NULL),('maitreyeelanjewar@gmail.com',221061034,NULL,NULL,NULL,NULL,'Maitreyee Lanjewar',NULL,NULL,NULL,NULL,NULL,NULL,'7588274659',NULL,NULL,NULL,NULL,NULL,NULL),('malewarprincy@gmail.com',221091037,NULL,NULL,NULL,NULL,'Princy Malewar','Princy',NULL,'Malewar',NULL,NULL,NULL,'8928266630',NULL,'2004-08-18','OBC',NULL,NULL,NULL),('manavshah1102@gmail.com',231070902,NULL,NULL,NULL,NULL,'Manav Shah','Manav',NULL,'Shah',NULL,NULL,NULL,'9820586091',NULL,'2004-11-10','OPEN',NULL,NULL,NULL),('mashah_b22@it.vjti.ac.in',221080064,'EN22184561','2022-11-20',85551.00,'https://drive.google.com/open?id=1vsPoKNZJ4e5grOWz8why5AJklYlgacOc','MOKSH ASHISH SHAH','MOKSH','ASHISH','SHAH','ASHISH','KRUTIKA','shahmoksh001@gmail.com','7506063545','Male','2005-01-27','General','O+','No',NULL),('mbpalan_b22@it.vjti.ac.in',221080051,'EN22118070','0022-11-07',85551.00,'https://drive.google.com/open?id=1VicSyfU9WYrlDRVCLs2_G29fAmQOat3L','MAYANK BHAVESH PALAN','MAYANK','BHAVESH','PALAN','BHAVESH','HETAL','mbpalan_b22@it.vjti.ac.in','8108663388','Male','2004-04-02','Open','O+','No',NULL),('mcbavaskar_b22@it.vjti.ac.in',221080004,'EN22210951','2022-10-11',4701.00,'https://drive.google.com/open?id=1ABNXA-MNRZbIbWYSw-7ZwGfXuxRprl2k','MANAS CHANDRASHEKHAR BAVASKAR','MANAS','CHANDRASHEKHAR','BAVASKAR','CHANDRASHEKHAR','MANISHA','mcb76593@gmail.com','8779621594','Male','2004-09-13','SC','AB+','No',NULL),('mrunmayiambhaikar@gmail.com',231081908,NULL,NULL,NULL,NULL,'Mrunmayi Ambhaikar','Mrunmayi',NULL,'Ambhaikar',NULL,NULL,NULL,'9421941788',NULL,'2004-01-10','OPEN',NULL,NULL,NULL),('msshaikh_b22@it.vjti.ac.in',221080065,'EN22134013','2022-01-11',85551.00,'https://drive.google.com/open?id=1R496eBPH3KsyxjW3hv8fmPiV2SgyIH6u','MOHAMMAD RABI SHAIKH','MOHAMMAD','RABI','SHAIKH','RABI','RESHMA','Mohammad.rabi100@gmail.com','9137181213','Male','2005-10-04','Obc','A+','No',NULL),('mstalegaonkar_b22@it.vjti.ac.in',221081070,'EN22136030','2022-01-11',70551.00,'https://drive.google.com/open?id=1zRMIfr3LbP9E5vhpJSfnCoyolw995K-V','MAITHILI SHRIKANT TALEGAONKAR','MAITHILI','SHRIKANT','TALEGAONKAR','SHRIKANT','JAYSHREE','mstalegaonkar_b22@it.vjti.ac.in','7248972391','Female','2004-12-26','NT1(B)','AB-','No',NULL),('nayakjessica@gmail.com',231091027,NULL,NULL,NULL,NULL,'Jessica Nayak','Jessica',NULL,'Nayak',NULL,NULL,NULL,'7066541211',NULL,NULL,NULL,NULL,NULL,NULL),('niharikahariharan@gmail.com',231071034,NULL,NULL,NULL,NULL,'Niharika Hariharan','Niharika',NULL,'Hariharan',NULL,NULL,NULL,'9920803523',NULL,NULL,NULL,NULL,NULL,NULL),('niransh01@gmail.com',221060041,NULL,NULL,NULL,NULL,'Niransh Pantwane','Niransh',NULL,'Pantwane',NULL,NULL,NULL,'8888460252',NULL,'2004-08-12','SC',NULL,NULL,NULL),('niyatibisht@gmail.com',221091010,NULL,NULL,NULL,NULL,'Niyati Bisht','Niyati',NULL,'Bisht',NULL,NULL,NULL,'9757437921',NULL,NULL,NULL,NULL,NULL,NULL),('nskekane_b22@it.vjti.ac.in',221080032,'EN22113154','2022-11-11',70551.00,'https://drive.google.com/open?id=10B6R9YcjLPpSJdw_6KMJJ9dsehomN7d1','NISHIT SATISH KEKANE','NISHIT','SATISH','KEKANE','SATISH','PALLAVI','nishit.kekane04@gmail.com','7304166609','Male','2004-07-27','NT3(D)','O+','No',NULL),('okkkambhre_b22@it.vjti.ac.in',231080903,NULL,NULL,NULL,NULL,'Omkar Kambre','Omkar',NULL,'Kambre',NULL,NULL,NULL,'9594809391',NULL,'2004-07-12','NT-B',NULL,NULL,NULL),('osbinayke_b22@it.vjti.ac.in',221080007,'EN22103988','2022-02-11',85551.00,'https://drive.google.com/open?id=1WrUBUB4_TcSSp8ydl-71msi4rMFcezIP','OJAS SWAPNIL BINAYKE','OJAS','SWAPNIL','BINAYKE','SWAPNIL','RACHANA','obinayke@gmail.com','9082428544','Male','2003-12-19','General','O+','No',NULL),('ospatil_b22@it.vjti.ac.in',221080054,'EN22215985','2022-10-11',78051.00,'https://drive.google.com/open?id=1_lZc4lPpMv1GNXiBK9u-tXgxX5GvHgmr','OMKAR SUNIL PATIL','OMKAR','SUNIL','PATIL','SUNIL','ANJALI','ospatil_b22@it.vjti.ac.in','9322090208','Male','2004-04-05','Open','A+','No',NULL),('pakamble_b22@it.vjti.ac.in',221081027,'EN22152314','2022-11-11',85551.00,'https://drive.google.com/open?id=1-s_CWgi2BBtVQxcdeZNzdUXa7O5dP2Pj','PURVI ANAND KAMBLE','PURVI','ANAND','KAMBLE','ANAND','SHILPA','pakamble_b22@it.vjti.ac.in','9136916496','Female','2004-04-19','Open','B+','No',NULL),('pakawdia_b22@it.vjti.ac.in',221080031,'EN22124495','2022-10-11',85551.00,'https://drive.google.com/open?id=1ViL2uesDNFU_9oDlq25X0Rxt-WGNCle5','PURANSH ANTIM KAWDIA','PURANSH','ANTIM','KAWDIA','ANTIM','KARUNA','pakawdia_b22@it.vjti.ac.in','8898420234','Male','2004-02-05','Minority','O+','No',NULL),('parthgatne@gmail.com',191010019,NULL,NULL,NULL,NULL,'Parth Nilesh Gatne',NULL,NULL,NULL,NULL,NULL,NULL,NULL,NULL,NULL,NULL,NULL,NULL,NULL),('pdkatariya_b22@it.vjti.ac.in',221080030,'EN22254764','2022-11-20',85551.00,'https://drive.google.com/open?id=1V0k4IPJomDW8UdSt8pmLELeyPfvA3pIR','PRIYANSH DEEPAK KATARIYA','PRIYANSH','DEEPAK','KATARIYA','DEEPAK','DARSHANA','pdkatariya_b22@it.vjti.ac.in','9040614061','Male','2004-02-05','OPEN','A+','No',NULL),('praheshchartal@gmail.com',191010011,NULL,NULL,NULL,NULL,'Prahesh Rajendrakumar Charthal',NULL,NULL,NULL,NULL,NULL,NULL,NULL,NULL,NULL,NULL,NULL,NULL,NULL),('prathameshdange@gmail.com',191010013,NULL,NULL,NULL,NULL,'Prathamesh Balasaheb Dange',NULL,NULL,NULL,NULL,NULL,NULL,NULL,NULL,NULL,NULL,NULL,NULL,NULL),('psjhaveri_b22@it.vjti.ac.in',221080024,'EN22151464','2022-11-11',85551.00,'https://drive.google.com/open?id=1H7RFqhdzax7mMXjIvQGuaWCWN-4vI6fd','PRIYANK SUKETU JHAVERI','PRIYANK','SUKETU','JHAVERI','SUKETU','SMITA','priyanksjhaveri@gmail.com','9867839671','Male','2003-12-17','Open','AB+','No',NULL),('psmore_b22@it.vjti.ac.in',221080046,'EN22119415','2022-11-20',85551.00,'https://drive.google.com/open?id=1HZ1SMT8bbku-F7k5p33PRfti5SAIVRx-','PAVANKUMAR SANJEEV MORE','PAVANKUMAR','SANJEEV','MORE','SANJEEV','HEMLATA','pavan262005@gmail.com','8691957338','Male','2005-02-26','OBC','B+','No',NULL),('psrathi_b22@it.vjti.ac.in',221081060,'EN22125944','2022-10-11',85551.00,'https://drive.google.com/open?id=17smxVkZIbkhWjZ398REFazoCERAPzATv','PRANJAL SHREEMOHAN RATHI','PRANJAL','SHREEMOHAN','RATHI','SHREEMOHAN','SULOCHANA','pranjal.rathi1984@gmail.com','7977493227','Female','2004-08-19','General','B+','No',NULL),('rbdapke_b22@it.vjti.ac.in',221081012,'EN22162257','2022-11-20',85551.00,'https://drive.google.com/open?id=1J5DVhy2YMgnG0NA3ffJx8VAksH8F_W3O','RIDDHI BALAJI DAPKE','RIDDHI','BALAJI','DAPKE','BALAJI','KAVERI','rbdapke_b22@it.vjti.ac.in','9767920535','Female','2004-09-13','Open','B+','No',NULL),('rjparab_b22@it.vjti.ac.in',221080053,'EN22209600','2022-01-11',78066.00,'https://drive.google.com/open?id=195z72Vl1Pl2gIMAXhwvJyw3vJfsasN-n','ROHAN JAYPRAKASH PARAB','ROHAN','JAYPRAKASH','PARAB','JAYPRAKASH','PRAJAKTA','parabjp@gmail.com','9819460902','Male','2004-10-20','OPEN','B+','No',NULL),('rldinkar_b22@it.vjti.ac.in',221081016,'EN22158934','2022-10-11',70551.00,'https://drive.google.com/open?id=1QyNqscFEcXAyy8ZJ9tWDI5wiqcua95qV','RACHANA LAXMAN DINKAR','RACHANA','LAXMAN','DINKAR','LAXMAN','ASHA','rldinkar11@gmail.com','9322647871','Female','2004-08-12','Obc','B+','No',NULL),('rmdhende_b22@it.vjti.ac.in',221080015,'EN22190066','2022-11-20',85551.00,'https://drive.google.com/open?id=1P9YG7hbqY0DOwKyAhdaVlPS9llP4u-Hs','RAJ MAHESH DHENDE','RAJ','MAHESH','DHENDE','MAHESH','VANITA','dhenderaj2003@gmail.com','8625897909','Male','2003-07-25','SC','O+','No',NULL),('rohitbembade@gmail.com',191010007,NULL,NULL,NULL,NULL,'Rohit Uday Bembade',NULL,NULL,NULL,NULL,NULL,NULL,NULL,NULL,NULL,NULL,NULL,NULL,NULL),('sagardudhwade@gmail.com',191010017,NULL,NULL,NULL,NULL,'Sagar Dilip Dudhwade',NULL,NULL,NULL,NULL,NULL,NULL,NULL,NULL,NULL,NULL,NULL,NULL,NULL),('sanikam_b22@it.vjti.ac.in',221080050,'EN22155137','2022-01-11',85551.00,'https://drive.google.com/open?id=1279_WfHxMGM5XxDR08uSIGldo1ROMuRV','SHREYASH ARVIND NIKAM','SHREYASH','ARVIND','NIKAM','ARVIND','ASHWINI','sanikam_b22@it.vjti.ac.in','9372505930','Male','2004-04-05','Open','A+','No',NULL),('sapotharkar_b22@it.vjti.ac.in',221080068,'EN22181375','2022-11-20',85551.00,'https://drive.google.com/open?id=1lQhmW_8lwH9nySKAEq8vkCA3FmA_HSmv','SOHAM AVINASH POTHARKAR','SOHAM','AVINASH','POTHARKAR','AVINASH','MUKTANJALI','sohampotharkar2196@gmail.com','7741948935','Male','2004-11-06','Open','AB+','No',NULL),('saridqureshi299@gmail.com',231070903,NULL,NULL,NULL,NULL,'Quresshi Sarid Abdul Salam','Quresshi','Sarid Abdul','Salam',NULL,NULL,NULL,'9820486483',NULL,'2005-01-17','OPEN',NULL,NULL,NULL),('saurabhdighe@gmail.com',191010015,NULL,NULL,NULL,NULL,'Saurabh Babasaheb Dighe',NULL,NULL,NULL,NULL,NULL,NULL,NULL,NULL,NULL,NULL,NULL,NULL,NULL),('sazodape_b22@it.vjti.ac.in',221081078,'EN22152581','2022-10-11',4701.00,'https://drive.google.com/open?id=1L4545QWHjstvlV7aSTtQXLYs7c8K3PLm','SHRAVANI AMARDIP ZODAPE','SHRAVANI','AMARDIP','ZODAPE','AMARDIP','SANGITA','sazodape_b22@it.vjti.ac.in','7887448022','Female','2004-07-18','SC','B+','No',NULL),('sckhandare_b22@it.vjti.ac.in',221081034,'EN22141294','2022-10-20',4701.00,'https://drive.google.com/open?id=1Xby1X5ELmvivWZ-0nWc_ye5hFP5sK1qm','SAYALI CHANDRAKANT KHANDARE','SAYALI','CHANDRAKANT','KHANDARE','CHANDRAKANT','KAVITA','sayalikhandare91@gmail.com','9594812040','Female','2004-09-02','SC','B+','No',NULL),('sdmhaske_b22@it.vjti.ac.in',221080045,'EN22185710','2022-11-11',85551.00,'https://drive.google.com/open?id=1ZIta1AfhnyKEKKUXA-K5jnQmxQ-VE3JU','SUMIT DINKAR MHASKE','SUMIT','DINKAR','MHASKE','DINKAR','JYOTI','sdmhaske_b22@it.vjti.ac.in','9637001187','Male','2004-01-22','Open','A+','No',NULL),('sdwagale_b22@it.vjti.ac.in',221080074,'EN22195489','2022-02-11',4701.00,'https://drive.google.com/open?id=1C26I_wpA1UsZx26LivTaCfjt3yUA5DAx','SHUBHAM DASHRATH WAGALE','SHUBHAM','DASHRATH','WAGALE','DASHRATH','JYOTI','wagaleshubham83@gmail.com','9322920810','Male','2004-08-12','ST','A+','No',NULL),('shivalisalunke15@gmail.com',221061057,NULL,NULL,NULL,NULL,'Shivali Salunkhe','Shivali',NULL,'Salunkhe',NULL,NULL,NULL,'9421574951',NULL,'2004-10-28','open',NULL,NULL,NULL),('shivanikhode@gmail.com',231051026,NULL,NULL,NULL,NULL,'Shivani Khode',NULL,NULL,NULL,NULL,NULL,NULL,'9975493463',NULL,NULL,NULL,NULL,NULL,NULL),('shriharikulkarni@gmail.com',191010033,NULL,NULL,NULL,NULL,'Shrihari Sadashiv Kulkarni',NULL,NULL,NULL,NULL,NULL,NULL,NULL,NULL,NULL,NULL,NULL,NULL,NULL),('shrutijuyal@gmail.com',211061051,NULL,NULL,NULL,NULL,'Shruti Juyal','Shruti',NULL,'Juyal',NULL,NULL,NULL,'8097816217',NULL,NULL,NULL,NULL,NULL,NULL),('shubhangibagul@gmail.com',221091005,NULL,NULL,NULL,NULL,'Shubhangi Bagul',NULL,NULL,NULL,NULL,NULL,NULL,'9850867155',NULL,NULL,NULL,NULL,NULL,NULL),('sjsalgaonkar_b22@it.vjti.ac.in',221080061,'EN22210360','2022-10-11',44551.00,'https://drive.google.com/open?id=1xIRaDP__u82hFtyqS4X9m-H10AQyd8hK','SUBODH JANARDAN SALGAONKAR','SUBODH','JANARDAN','SALGAONKAR','JANARDAN','SHUBHADA','subodhsalgaonkar12@gmail.com','9321460042','Male','2004-12-02','OBC','B+','No',NULL),('smpatil_b22@it.vjti.ac.in',221081055,'EN22118964','2022-10-19',44551.00,'https://drive.google.com/open?id=1NrWciXKqGEQWJAezm0qO7cAmd2JWdn2o','SANHITA MAHENDRASING PATIL','SANHITA','MAHENDRASING','PATIL','MAHENDRASING','YOGINI','sanhita6704@gmail.com','8468863174','Female','2004-06-07','VJ','O+','No',NULL),('snehamenat029@gmail.com',231071901,NULL,NULL,NULL,NULL,'Sneha Menat','Sneha',NULL,'Menat',NULL,NULL,NULL,'9224489964',NULL,'2004-08-29','OPEN',NULL,NULL,NULL),('sohanshikhandwani@gmail.com',231011032,NULL,NULL,NULL,NULL,'Sohanshi Khandwani','Sohanshi',NULL,'Khandwani',NULL,NULL,NULL,'8999689730',NULL,NULL,NULL,NULL,NULL,NULL),('srkare_b22@it.vjti.ac.in',221081028,'EN22115245','2022-02-11',35275.00,'https://drive.google.com/open?id=1pJRXtJ1M50gZlDeQY1V7YadAEEJ3PMo8','SHWETA RAJARAM KARE','SHWETA','RAJARAM','KARE','RAJARAM','KALPANA','shwetakare29@gmail.com','9833320576','Female','2004-09-29','NTC','B+','No',NULL),('srpawar_b22@it.vjti.ac.in',231081909,NULL,NULL,NULL,NULL,'Sejal Pawar','Sejal',NULL,'Pawar',NULL,NULL,NULL,'9922388443',NULL,'2004-08-24','OPEN',NULL,NULL,NULL),('srpoojari_b22@it.vjti.ac.in',221080058,'EN22179479','2022-02-11',85551.00,'https://drive.google.com/open?id=1ceM-oviljkujXQboRPesF8ki1hwJx4Jl','SHARAN RAMKRISHNA POOJARI','SHARAN','RAMKRISHNA','POOJARI','RAMKRISHNA','SUMATI','srpoojari_b22@it.vjti.ac.in','9833553251','Male','2004-03-05','GOPENS','O+','No',NULL),('sskhandekar_b22@it.vjti.ac.in',221080035,'EN22153003','2022-11-20',85551.00,'https://drive.google.com/open?id=1qeG1TxHmV6x4NQxe9uw3I4zIgl6mqEXL','SACHIN SHIVRAM KHANDEKAR','SACHIN','SHIVRAM','KHANDEKAR','SHIVRAM','GAURI','sskhandekar2022@gmail.com','8779483698','Male','2004-05-30','NT2(C)','B+','No',NULL),('sslakhan_b22@it.vjti.ac.in',221080038,'EN22248783','2022-01-11',85551.00,'https://drive.google.com/open?id=10oiz37iVXo6CgI_tdhFzf7pt76OILRra','SHUBHAM SHEKHAR LAKHAN','SHUBHAM','SHEKHAR','LAKHAN','SHEKHAR','SHUBHADA','sslakhan_b22@it.vjti.ac.in','8452095193','Male','2004-08-12','General','B+','No',NULL),('ssmore_b22@it.vjti.ac.in',221080047,'EN22184069','2022-11-20',85551.00,'https://drive.google.com/open?id=1Qnn0IAKYexi8Ayun-s8220PgF7Jb3vjR','SHUBHAM SHIVAJI MORE','SHUBHAM','SHIVAJI','MORE','SHIVAJI','BHARATI','shubham220904@gmail.com','8208644820','Male','2004-09-22','OBC','AB-','No',NULL),('ssmukane_b22@it.vjti.ac.in',221080048,'EN22210825','2022-02-11',4701.00,'https://drive.google.com/open?id=1Sr2MAOx0NHAw3YGtJv0mFbgCWc1UX493','SOHAM SANJAY MUKANE','SOHAM','SANJAY','MUKANE','SANJAY','SANJANA','mukanesoham@gmail.com','9321881180','Male','2004-12-06','ST','A+','No',NULL),('ssnarvekar_b22@it.vjti.ac.in',221080049,'EN22100170','2022-10-20',4701.00,'https://drive.google.com/open?id=1WSP5XAtQDpP2-Y_8OMbDd6IcKxnaovPT','SHUBHAM SACCHIDANAND NARVEKAR','SHUBHAM','SACCHIDANAND','NARVEKAR','SACCHIDANAND','AMITA','snk20041130@gmail.com','9321424283','Male','2004-11-30','OBC','AB+','Yes','Haemophilia'),('subadgujar_b22@it.vjti.ac.in',221080003,'EN22110907','2022-07-11',70551.00,'https://drive.google.com/open?id=1ysDqxSAArvYNJbcypL-uX3c5TSPnvO56','SARVESH UMESH BADGUJAR','SARVESH','UMESH','BADGUJAR','UMESH','ARCHANA','magical200020@gmail.com','9987184836','Male','2003-12-28','DEFOBCS','B+','No',NULL),('suhasjkadam@gmail.com',191010030,NULL,NULL,NULL,NULL,'Suhas Kadam',NULL,NULL,NULL,NULL,NULL,NULL,NULL,NULL,NULL,NULL,NULL,NULL,NULL),('svbhagwat_b22@et.vjti.ac.in',221091008,NULL,NULL,NULL,NULL,'Shrushti Bhagwat','Shrushti',NULL,'Bhagwat',NULL,NULL,NULL,'9493474530',NULL,'2004-09-25','OBC',NULL,NULL,NULL),('svkadam_b22@it.vjti.ac.in',221080025,'EN22228343','2022-10-19',4701.00,'https://drive.google.com/open?id=1oDrSs6W-M5CaEiBJS-xotHhv8MlcDpHw','SAHIL VIJAY KADAM','SAHIL','VIJAY','KADAM','VIJAY','KOMAL','Sahil.yash88@gmail.com','9619827381','Male','2004-01-19','Sc','A+','No',NULL),('svshon_b22@it.vjti.ac.in',221080069,'EN22166613','2022-11-11',70551.00,'https://drive.google.com/open?id=1Rusgkhjk_55cSDGz_YDwFYg3HQlINeeu','SHON VIVEK SOLANKE','SHON','VIVEK','SOLANKE','VIVEK','SHITAL','shonsolanke2003@gmail.com','8208830433','Male','2003-05-12','OPEN','A+','No',NULL),('tvmene_b22@it.vjti.ac.in',221080044,'EN22110173','2022-01-11',70551.00,'https://drive.google.com/open?id=1vD_ZCltNKIIK8xizBnQQgP91fIwd1DeF','TANMAY VINOD MENE','TANMAY','VINOD','MENE','VINOD','SWATI','tanmaymene2004@gmail.com','9322721604','Male','2004-12-06','OBC','O+','No',NULL),('tvpatil_b22@it.vjti.ac.in',221081056,'EN22166603','2022-01-11',85551.00,'https://drive.google.com/open?id=1bLnSfUew8bjnBvqc4bkVllGgxK9XkX6R','TANAYAA VINAYAK PATIL','TANAYAA','VINAYAK','PATIL','VINAYAK','SWATI','tvpatil_b22@it.vjti.ac.in','9136388896','Female','2004-09-13','CIWGC','B+','No',NULL),('tvv_b22@cs.vjti.ac.in',221082010,NULL,NULL,60000.00,NULL,'Tvisha Vedant',NULL,NULL,NULL,NULL,NULL,NULL,'9876543210','Female','2000-05-15','General','O+',NULL,NULL),('utkarshkantale@gmail.com',191010031,NULL,NULL,NULL,NULL,'Utkarsh Balkrishna Kantale',NULL,NULL,NULL,NULL,NULL,NULL,NULL,NULL,NULL,NULL,NULL,NULL,NULL),('vaibhavchaughule@gmail.com',231081907,NULL,NULL,NULL,NULL,'Vaibhav Chaughule','Vaibhav',NULL,'Chaughule',NULL,NULL,NULL,'9819487940',NULL,'2004-06-17','OPEN',NULL,NULL,NULL),('vaishnavihud07@gmail.com',221072020,NULL,NULL,NULL,NULL,'Vaishnavi Hud','Vaishnavi',NULL,'Hud',NULL,NULL,NULL,'9845232489',NULL,'2004-09-07','OBC',NULL,NULL,NULL),('vdantkale8114@gmail.com',231070908,NULL,NULL,NULL,NULL,'Vedantr Kale','Vedantr',NULL,'Kale',NULL,NULL,NULL,'9930641331',NULL,'2004-11-08','SC',NULL,NULL,NULL),('vmwadu_b22@it.vjti.ac.in',221080073,'EN22179856','2022-01-11',4701.00,'https://drive.google.com/open?id=1hhgRzUKCZ--8EqYFLon_pMzbBTrOvQPl','VEDANT MAHADU WADU','VEDANT','MAHADU','WADU','MAHADU','MANDA','vmwadu_b22@it.vjti.ac.in','9561525440','Male','2002-06-16','ST','B+','No',NULL),('vrbhagwat_b22@it.vjti.ac.in',231080908,NULL,NULL,NULL,NULL,'Vaibhav Bhagwat','Vaibhav',NULL,'Bhagwat',NULL,NULL,NULL,'9405441881',NULL,'2004-05-12','OBC',NULL,NULL,NULL),('vrbharmal_b22@it.vjti.ac.in',221081005,'EN221211510','2022-10-21',4701.00,'https://drive.google.com/open?id=1UL4hu7WI9VX5UfC7v9yPan_mnLRRNPr5','VEDIKA RAMCHANDRA BHARMAL','VEDIKA','RAMCHANDRA','BHARMAL','RAMCHANDRA','SHAKUNTALA','bharmalvedika@gmail.com','7083660091','Female','2004-11-27','ST','A+','No',NULL),('vrrajput_b22@it.vjti.ac.in',221080059,'EN22155342','2022-02-11',85551.00,'https://drive.google.com/open?id=1innwqdabevvq0nXsm6w17ZUmyGIGwp9k','VARUN RAJENDER SINGH RAJPUT','VARUN','RAJENDER SINGH','RAJPUT','RAJENDER SINGH','PRITI','vrrajput_b22@iy.vjti.ac.in','9321281874','Male','2004-11-27','NA','A+','No',NULL),('vvbhosale_b22@ce.vjti.ac.in',221071012,NULL,NULL,NULL,NULL,'Vinaya Bhosale','Vinaya',NULL,'Bhosale',NULL,NULL,NULL,'9823766748',NULL,'2003-03-28','SC',NULL,NULL,NULL),('ybgala_b22@it.vjti.ac.in',221081018,'EN22199258','2022-11-11',85551.00,'https://drive.google.com/open?id=1GQDOGExmh7N6GYffSOlN0AdwEoWxp7a4','YASHVI BHAVIN GALA','YASHVI','BHAVIN','GALA','BHAVIN','REENA','yashvigala0904@gmail.com','9930336236','Female','2004-09-04','OPEN','B+','No',NULL),('ynpatil_b22@it.vjti.ac.in',221080057,'EN22107545','2022-07-11',4701.00,'https://drive.google.com/open?id=1uFGz2bZULKj2-hgiKTUTy4SO4ccGQurH','YASH NARAYAN PATIL','YASH','NARAYAN','PATIL','NARAYAN','JYOTI','yashpatil0107@gmail.com','8623923440','Male','2004-01-07','OBC','B+','No',NULL),('yskadam_b22@it.vjti.ac.in',221080026,'EN22257344','2022-11-20',85551.00,'https://drive.google.com/open?id=1rSLtVSwygElHIikehJ34e3zGRnoq5OGx','YASH SACHIN KADAM','YASH','SACHIN','KADAM','SACHIN','SAKSHI','kadamyash104261@gmail.com','7709546319','Male','2004-08-05','Open','O+','No',NULL),('NULL',191010034,NULL,NULL,NULL,NULL,'Lavande Prateek Dattarao',NULL,NULL,NULL,NULL,NULL,NULL,NULL,NULL,NULL,NULL,NULL,NULL,NULL),('NULL',191010035,NULL,NULL,NULL,NULL,'Lomate Rohan Balaji',NULL,NULL,NULL,NULL,NULL,NULL,NULL,NULL,NULL,NULL,NULL,NULL,NULL),('NULL',191010036,NULL,NULL,NULL,NULL,'Mayekar Atharva Guruprasad',NULL,NULL,NULL,NULL,NULL,NULL,NULL,NULL,NULL,NULL,NULL,NULL,NULL),('NULL',191010038,NULL,NULL,NULL,NULL,'Modi Pushkar Deepak',NULL,NULL,NULL,NULL,NULL,NULL,NULL,NULL,NULL,NULL,NULL,NULL,NULL),('NULL',191010041,NULL,NULL,NULL,NULL,'Panchal Ganesh Ramakant',NULL,NULL,NULL,NULL,NULL,NULL,NULL,NULL,NULL,NULL,NULL,NULL,NULL),('NULL',191010043,NULL,NULL,NULL,NULL,'Patil Karan Vishwas',NULL,NULL,NULL,NULL,NULL,NULL,NULL,NULL,NULL,NULL,NULL,NULL,NULL),('NULL',191010044,NULL,NULL,NULL,NULL,'Patil Mayuresh Sainath',NULL,NULL,NULL,NULL,NULL,NULL,NULL,NULL,NULL,NULL,NULL,NULL,NULL),('NULL',191010045,NULL,NULL,NULL,NULL,'Patil Sumant Ranjit',NULL,NULL,NULL,NULL,NULL,NULL,NULL,NULL,NULL,NULL,NULL,NULL,NULL),('NULL',191010051,NULL,NULL,NULL,NULL,'Raut Prachlit Hemraj',NULL,NULL,NULL,NULL,NULL,NULL,NULL,NULL,NULL,NULL,NULL,NULL,NULL),('NULL',191010054,NULL,NULL,NULL,NULL,'Shinde Bhuvan Sandesh',NULL,NULL,NULL,NULL,NULL,NULL,NULL,NULL,NULL,NULL,NULL,NULL,NULL),('NULL',191010055,NULL,NULL,NULL,NULL,'Shinde Sanket Vuay',NULL,NULL,NULL,NULL,NULL,NULL,NULL,NULL,NULL,NULL,NULL,NULL,NULL),('NULL',191010057,NULL,NULL,NULL,NULL,'Sujrana Swaraj Poonamchand',NULL,NULL,NULL,NULL,NULL,NULL,NULL,NULL,NULL,NULL,NULL,NULL,NULL),('NULL',191010058,NULL,NULL,NULL,NULL,'Thakare Apurv Sanjay',NULL,NULL,NULL,NULL,NULL,NULL,NULL,NULL,NULL,NULL,NULL,NULL,NULL),('NULL',191010059,NULL,NULL,NULL,NULL,'Thakare Sanskar Vijay',NULL,NULL,NULL,NULL,NULL,NULL,NULL,NULL,NULL,NULL,NULL,NULL,NULL),('NULL',191010063,NULL,NULL,NULL,NULL,'Yannawar Trilochan Vivekanand',NULL,NULL,NULL,NULL,NULL,NULL,NULL,NULL,NULL,NULL,NULL,NULL,NULL),('NULL',191010064,NULL,NULL,NULL,NULL,'Yash Kumar Sinha',NULL,NULL,NULL,NULL,NULL,NULL,NULL,NULL,NULL,NULL,NULL,NULL,NULL),('NULL',191010065,NULL,NULL,NULL,NULL,'Sanskur Pravin Patel',NULL,NULL,NULL,NULL,NULL,NULL,NULL,NULL,NULL,NULL,NULL,NULL,NULL),('NULL',191010066,NULL,NULL,NULL,NULL,'Sharma Dheeraj Gyanendra',NULL,NULL,NULL,NULL,NULL,NULL,NULL,NULL,NULL,NULL,NULL,NULL,NULL),('NULL',191010908,NULL,NULL,NULL,NULL,'Jadhav Kailas Lotan',NULL,NULL,NULL,NULL,NULL,NULL,NULL,NULL,NULL,NULL,NULL,NULL,NULL),('NULL',191011003,NULL,NULL,NULL,NULL,'Ahire Maheshwari Ashok',NULL,NULL,NULL,NULL,NULL,NULL,NULL,NULL,NULL,NULL,NULL,NULL,NULL),('NULL',191011006,NULL,NULL,NULL,NULL,'Bachate Juilee Balasaheb',NULL,NULL,NULL,NULL,NULL,NULL,NULL,NULL,NULL,NULL,NULL,NULL,NULL),('NULL',191011009,NULL,NULL,NULL,NULL,'Bhandare Harshada Gokul',NULL,NULL,NULL,NULL,NULL,NULL,NULL,NULL,NULL,NULL,NULL,NULL,NULL),('NULL',191011016,NULL,NULL,NULL,NULL,'Dudhe Prachi Bharat',NULL,NULL,NULL,NULL,NULL,NULL,NULL,NULL,NULL,NULL,NULL,NULL,NULL),('NULL',191011021,NULL,NULL,NULL,NULL,'Ghuge Pratiksha Vasant',NULL,NULL,NULL,NULL,NULL,NULL,NULL,NULL,NULL,NULL,NULL,NULL,NULL),('NULL',191011037,NULL,NULL,NULL,NULL,'Meghrajani Bhavana Naresh',NULL,NULL,NULL,NULL,NULL,NULL,NULL,NULL,NULL,NULL,NULL,NULL,NULL),('NULL',191011046,NULL,NULL,NULL,NULL,'Patil Utkarsha Vijay',NULL,NULL,NULL,NULL,NULL,NULL,NULL,NULL,NULL,NULL,NULL,NULL,NULL),('NULL',191011047,NULL,NULL,NULL,NULL,'Pawar Pranjali Sunil',NULL,NULL,NULL,NULL,NULL,NULL,NULL,NULL,NULL,NULL,NULL,NULL,NULL),('NULL',191011056,NULL,NULL,NULL,NULL,'Shirude Sakshi Laxman',NULL,NULL,NULL,NULL,NULL,NULL,NULL,NULL,NULL,NULL,NULL,NULL,NULL),('NULL',191011060,NULL,NULL,NULL,NULL,'Vakte Mayuri Chandrashekhar',NULL,NULL,NULL,NULL,NULL,NULL,NULL,NULL,NULL,NULL,NULL,NULL,NULL),('NULL',191011062,NULL,NULL,NULL,NULL,'Waghmare Pratiksha Lalasaheb',NULL,NULL,NULL,NULL,NULL,NULL,NULL,NULL,NULL,NULL,NULL,NULL,NULL),('NULL',191050032,NULL,NULL,NULL,NULL,'Sagar M Singh',NULL,NULL,NULL,NULL,NULL,NULL,NULL,NULL,NULL,NULL,NULL,NULL,NULL),('NULL',201010904,NULL,NULL,NULL,NULL,'Pawar Karan Gajanan',NULL,NULL,NULL,NULL,NULL,NULL,NULL,NULL,NULL,NULL,NULL,NULL,NULL),('NULL',201010908,NULL,NULL,NULL,NULL,'Aalaap Tushar Shome',NULL,NULL,NULL,NULL,NULL,NULL,NULL,NULL,NULL,NULL,NULL,NULL,NULL),('NULL',201010910,NULL,NULL,NULL,NULL,'Bhagat Mayuresh Mukund',NULL,NULL,NULL,NULL,NULL,NULL,NULL,NULL,NULL,NULL,NULL,NULL,NULL),('NULL',201010913,NULL,NULL,NULL,NULL,'Vaibhav Ashokrao Ghadage',NULL,NULL,NULL,NULL,NULL,NULL,NULL,NULL,NULL,NULL,NULL,NULL,NULL),('NULL',201011901,NULL,NULL,NULL,NULL,'Hedgire Pradnya Pravin',NULL,NULL,NULL,NULL,NULL,NULL,NULL,NULL,NULL,NULL,NULL,NULL,NULL),('NULL',201011902,NULL,NULL,NULL,NULL,'Jadhav Akanksha Vinayak',NULL,NULL,NULL,NULL,NULL,NULL,NULL,NULL,NULL,NULL,NULL,NULL,NULL),('NULL',201011903,NULL,NULL,NULL,NULL,'Shinde Narayani Sambhaji',NULL,NULL,NULL,NULL,NULL,NULL,NULL,NULL,NULL,NULL,NULL,NULL,NULL),('NULL',201011906,NULL,NULL,NULL,NULL,'Rani Mahadev Khandekar',NULL,NULL,NULL,NULL,NULL,NULL,NULL,NULL,NULL,NULL,NULL,NULL,NULL),('NULL',201011907,NULL,NULL,NULL,NULL,'Riddhi Prakash Bhor',NULL,NULL,NULL,NULL,NULL,NULL,NULL,NULL,NULL,NULL,NULL,NULL,NULL),('NULL',201011911,NULL,NULL,NULL,NULL,'Kulange Prajakta Rajendra',NULL,NULL,NULL,NULL,NULL,NULL,NULL,NULL,NULL,NULL,NULL,NULL,NULL),('NULL',151070001,NULL,NULL,NULL,NULL,'Aayush Ketan Mehta',NULL,NULL,NULL,NULL,NULL,NULL,NULL,NULL,NULL,NULL,NULL,NULL,NULL),('NULL',191070002,NULL,NULL,NULL,NULL,'Nikhil Sharma',NULL,NULL,NULL,NULL,NULL,NULL,NULL,NULL,NULL,NULL,NULL,NULL,NULL),('NULL',191070003,NULL,NULL,NULL,NULL,'Rajput Vivek Raju',NULL,NULL,NULL,NULL,NULL,NULL,NULL,NULL,NULL,NULL,NULL,NULL,NULL),('NULL',191070004,NULL,NULL,NULL,NULL,'Thakare Prasad Shirish',NULL,NULL,NULL,NULL,NULL,NULL,NULL,NULL,NULL,NULL,NULL,NULL,NULL),('NULL',191070007,NULL,NULL,NULL,NULL,'Aryan Devikar',NULL,NULL,NULL,NULL,NULL,NULL,NULL,NULL,NULL,NULL,NULL,NULL,NULL),('NULL',191070008,NULL,NULL,NULL,NULL,'Aryan Khurana',NULL,NULL,NULL,NULL,NULL,NULL,NULL,NULL,NULL,NULL,NULL,NULL,NULL),('NULL',191070011,NULL,NULL,NULL,NULL,'Azeez Moiz Dandawala',NULL,NULL,NULL,NULL,NULL,NULL,NULL,NULL,NULL,NULL,NULL,NULL,NULL),('NULL',191070013,NULL,NULL,NULL,NULL,'Bansod Mayur Rajesh',NULL,NULL,NULL,NULL,NULL,NULL,NULL,NULL,NULL,NULL,NULL,NULL,NULL),('NULL',191070015,NULL,NULL,NULL,NULL,'Bawshi Darsh Nilesh',NULL,NULL,NULL,NULL,NULL,NULL,NULL,NULL,NULL,NULL,NULL,NULL,NULL),('NULL',191070018,NULL,NULL,NULL,NULL,'Bhosale Rahul Raju',NULL,NULL,NULL,NULL,NULL,NULL,NULL,NULL,NULL,NULL,NULL,NULL,NULL),('NULL',191070019,NULL,NULL,NULL,NULL,'Deshmukh Ajinkya Vilasrao',NULL,NULL,NULL,NULL,NULL,NULL,NULL,NULL,NULL,NULL,NULL,NULL,NULL),('NULL',191070020,NULL,NULL,NULL,NULL,'Dharod Jainam Rajen',NULL,NULL,NULL,NULL,NULL,NULL,NULL,NULL,NULL,NULL,NULL,NULL,NULL),('NULL',191070022,NULL,NULL,NULL,NULL,'Gangavane Apurv Dhananjay',NULL,NULL,NULL,NULL,NULL,NULL,NULL,NULL,NULL,NULL,NULL,NULL,NULL),('NULL',191070024,NULL,NULL,NULL,NULL,'Harshdeep Gautam Telang',NULL,NULL,NULL,NULL,NULL,NULL,NULL,NULL,NULL,NULL,NULL,NULL,NULL),('NULL',191070025,NULL,NULL,NULL,NULL,'Hegde Shreyas Raghuveera',NULL,NULL,NULL,NULL,NULL,NULL,NULL,NULL,NULL,NULL,NULL,NULL,NULL),('NULL',191070027,NULL,NULL,NULL,NULL,'Imad Faisal Kasim',NULL,NULL,NULL,NULL,NULL,NULL,NULL,NULL,NULL,NULL,NULL,NULL,NULL),('NULL',191070029,NULL,NULL,NULL,NULL,'Jain Rishabhkumar Kishor',NULL,NULL,NULL,NULL,NULL,NULL,NULL,NULL,NULL,NULL,NULL,NULL,NULL),('NULL',191070031,NULL,NULL,NULL,NULL,'Joshi Abhshek Bhavesh',NULL,NULL,NULL,NULL,NULL,NULL,NULL,NULL,NULL,NULL,NULL,NULL,NULL),('NULL',191070032,NULL,NULL,NULL,NULL,'Joshi Ameya Aniruddha',NULL,NULL,NULL,NULL,NULL,NULL,NULL,NULL,NULL,NULL,NULL,NULL,NULL),('NULL',191070033,NULL,NULL,NULL,NULL,'Kacchi Mohd Sahil Farooq',NULL,NULL,NULL,NULL,NULL,NULL,NULL,NULL,NULL,NULL,NULL,NULL,NULL),('NULL',191070035,NULL,NULL,NULL,NULL,'Karwate Ajay Gajanan',NULL,NULL,NULL,NULL,NULL,NULL,NULL,NULL,NULL,NULL,NULL,NULL,NULL),('NULL',191070036,NULL,NULL,NULL,NULL,'Kedare Sahil Rajendra',NULL,NULL,NULL,NULL,NULL,NULL,NULL,NULL,NULL,NULL,NULL,NULL,NULL),('NULL',191070038,NULL,NULL,NULL,NULL,'Kothari Kush Mukesh',NULL,NULL,NULL,NULL,NULL,NULL,NULL,NULL,NULL,NULL,NULL,NULL,NULL),('NULL',191070040,NULL,NULL,NULL,NULL,'Laddha Anupam Anand',NULL,NULL,NULL,NULL,NULL,NULL,NULL,NULL,NULL,NULL,NULL,NULL,NULL),('NULL',191070041,NULL,NULL,NULL,NULL,'Mahajan Amey Uttamrao',NULL,NULL,NULL,NULL,NULL,NULL,NULL,NULL,NULL,NULL,NULL,NULL,NULL),('NULL',191070044,NULL,NULL,NULL,NULL,'Mehta Bhavya Dharmen',NULL,NULL,NULL,NULL,NULL,NULL,NULL,NULL,NULL,NULL,NULL,NULL,NULL),('NULL',191070045,NULL,NULL,NULL,NULL,'Mohite Avishkar Anil',NULL,NULL,NULL,NULL,NULL,NULL,NULL,NULL,NULL,NULL,NULL,NULL,NULL),('NULL',191070047,NULL,NULL,NULL,NULL,'Naikawadi Satish Ananda',NULL,NULL,NULL,NULL,NULL,NULL,NULL,NULL,NULL,NULL,NULL,NULL,NULL),('NULL',191070050,NULL,NULL,NULL,NULL,'Nigam Akash Dineshkumar',NULL,NULL,NULL,NULL,NULL,NULL,NULL,NULL,NULL,NULL,NULL,NULL,NULL),('NULL',191070051,NULL,NULL,NULL,NULL,'Pagare Mayuresh Nivrutti',NULL,NULL,NULL,NULL,NULL,NULL,NULL,NULL,NULL,NULL,NULL,NULL,NULL),('NULL',191070052,NULL,NULL,NULL,NULL,'Patil Abhaysing Jitendrasing',NULL,NULL,NULL,NULL,NULL,NULL,NULL,NULL,NULL,NULL,NULL,NULL,NULL),('NULL',191070053,NULL,NULL,NULL,NULL,'Patil Atharva Pradeep',NULL,NULL,NULL,NULL,NULL,NULL,NULL,NULL,NULL,NULL,NULL,NULL,NULL),('NULL',191070054,NULL,NULL,NULL,NULL,'Patil Maitrey Mahendra',NULL,NULL,NULL,NULL,NULL,NULL,NULL,NULL,NULL,NULL,NULL,NULL,NULL),('NULL',191070055,NULL,NULL,NULL,NULL,'Pawar Himanshu Vijay',NULL,NULL,NULL,NULL,NULL,NULL,NULL,NULL,NULL,NULL,NULL,NULL,NULL),('NULL',191070058,NULL,NULL,NULL,NULL,'Purohit Joy Chinmay',NULL,NULL,NULL,NULL,NULL,NULL,NULL,NULL,NULL,NULL,NULL,NULL,NULL),('NULL',191070059,NULL,NULL,NULL,NULL,'Raghatwan Omkar Jagannath',NULL,NULL,NULL,NULL,NULL,NULL,NULL,NULL,NULL,NULL,NULL,NULL,NULL),('NULL',191070061,NULL,NULL,NULL,NULL,'Rohokale Pranit Rangnath',NULL,NULL,NULL,NULL,NULL,NULL,NULL,NULL,NULL,NULL,NULL,NULL,NULL),('NULL',191070062,NULL,NULL,NULL,NULL,'Saksham Tikoo',NULL,NULL,NULL,NULL,NULL,NULL,NULL,NULL,NULL,NULL,NULL,NULL,NULL),('NULL',191070064,NULL,NULL,NULL,NULL,'Sawant Tanish Milind',NULL,NULL,NULL,NULL,NULL,NULL,NULL,NULL,NULL,NULL,NULL,NULL,NULL),('NULL',191070065,NULL,NULL,NULL,NULL,'Shah Kushal Ajay',NULL,NULL,NULL,NULL,NULL,NULL,NULL,NULL,NULL,NULL,NULL,NULL,NULL),('NULL',191070071,NULL,NULL,NULL,NULL,'Somwanshi Abhishek Gulabrao',NULL,NULL,NULL,NULL,NULL,NULL,NULL,NULL,NULL,NULL,NULL,NULL,NULL),('NULL',191070173,NULL,NULL,NULL,NULL,'Ubhale Abhay Shivaji',NULL,NULL,NULL,NULL,NULL,NULL,NULL,NULL,NULL,NULL,NULL,NULL,NULL),('NULL',191070078,NULL,NULL,NULL,NULL,'Yele Sanket Subhash',NULL,NULL,NULL,NULL,NULL,NULL,NULL,NULL,NULL,NULL,NULL,NULL,NULL),('NULL',191070081,NULL,NULL,NULL,NULL,'Jaiswal Ankit Bipin Bihari',NULL,NULL,NULL,NULL,NULL,NULL,NULL,NULL,NULL,NULL,NULL,NULL,NULL),('NULL',192070082,NULL,NULL,NULL,NULL,'Nikheel Ramakrishna Indanoor',NULL,NULL,NULL,NULL,NULL,NULL,NULL,NULL,NULL,NULL,NULL,NULL,NULL),('NULL',191071001,NULL,NULL,NULL,NULL,'Priyanshu',NULL,NULL,NULL,NULL,NULL,NULL,NULL,NULL,NULL,NULL,NULL,NULL,NULL),('NULL',191071006,NULL,NULL,NULL,NULL,'Anjarlekar Purva Paresh',NULL,NULL,NULL,NULL,NULL,NULL,NULL,NULL,NULL,NULL,NULL,NULL,NULL),('NULL',191071012,NULL,NULL,NULL,NULL,'Babhulgaonkar Madhura Vinay',NULL,NULL,NULL,NULL,NULL,NULL,NULL,NULL,NULL,NULL,NULL,NULL,NULL),('NULL',191071014,NULL,NULL,NULL,NULL,'Barge Prachiti Ajit',NULL,NULL,NULL,NULL,NULL,NULL,NULL,NULL,NULL,NULL,NULL,NULL,NULL),('NULL',191071016,NULL,NULL,NULL,NULL,'Bhadrashette Vaishnavi Vaijanath',NULL,NULL,NULL,NULL,NULL,NULL,NULL,NULL,NULL,NULL,NULL,NULL,NULL),('NULL',191071026,NULL,NULL,NULL,NULL,'Hezal Mukesh Meshram',NULL,NULL,NULL,NULL,NULL,NULL,NULL,NULL,NULL,NULL,NULL,NULL,NULL),('NULL',191071028,NULL,NULL,NULL,NULL,'Jagesia Prerna Kamal',NULL,NULL,NULL,NULL,NULL,NULL,NULL,NULL,NULL,NULL,NULL,NULL,NULL),('NULL',191071042,NULL,NULL,NULL,NULL,'Mahek Ajay Salia',NULL,NULL,NULL,NULL,NULL,NULL,NULL,NULL,NULL,NULL,NULL,NULL,NULL),('NULL',191071048,NULL,NULL,NULL,NULL,'Nakhua Mahek Suresh',NULL,NULL,NULL,NULL,NULL,NULL,NULL,NULL,NULL,NULL,NULL,NULL,NULL),('NULL',191071056,NULL,NULL,NULL,NULL,'Pawar Pooja Dnyaneshwar',NULL,NULL,NULL,NULL,NULL,NULL,NULL,NULL,NULL,NULL,NULL,NULL,NULL),('NULL',191071060,NULL,NULL,NULL,NULL,'Reshmika Sreenath Nambiar',NULL,NULL,NULL,NULL,NULL,NULL,NULL,NULL,NULL,NULL,NULL,NULL,NULL),('NULL',191071068,NULL,NULL,NULL,NULL,'Shewale Gauri Vidyadhar',NULL,NULL,NULL,NULL,NULL,NULL,NULL,NULL,NULL,NULL,NULL,NULL,NULL),('NULL',191071069,NULL,NULL,NULL,NULL,'Shivankar Devayani Prabhakar',NULL,NULL,NULL,NULL,NULL,NULL,NULL,NULL,NULL,NULL,NULL,NULL,NULL),('NULL',191071072,NULL,NULL,NULL,NULL,'Tare Bhagyashri Hari',NULL,NULL,NULL,NULL,NULL,NULL,NULL,NULL,NULL,NULL,NULL,NULL,NULL),('NULL',191071075,NULL,NULL,NULL,NULL,'Vanshita Ramesh Singh',NULL,NULL,NULL,NULL,NULL,NULL,NULL,NULL,NULL,NULL,NULL,NULL,NULL),('NULL',191071079,NULL,NULL,NULL,NULL,'Zade Pratiksha Madhav',NULL,NULL,NULL,NULL,NULL,NULL,NULL,NULL,NULL,NULL,NULL,NULL,NULL),('NULL',201070905,NULL,NULL,NULL,NULL,'Dabre Flavin Fulsheri',NULL,NULL,NULL,NULL,NULL,NULL,NULL,NULL,NULL,NULL,NULL,NULL,NULL),('NULL',201071903,NULL,NULL,NULL,NULL,'Depuru Guru Sahethi',NULL,NULL,NULL,NULL,NULL,NULL,NULL,NULL,NULL,NULL,NULL,NULL,NULL),('NULL',201071906,NULL,NULL,NULL,NULL,'Aarshi Prakash Jethwa',NULL,NULL,NULL,NULL,NULL,NULL,NULL,NULL,NULL,NULL,NULL,NULL,NULL),('NULL',201071907,NULL,NULL,NULL,NULL,'Bamble Sayau Santosh',NULL,NULL,NULL,NULL,NULL,NULL,NULL,NULL,NULL,NULL,NULL,NULL,NULL),('NULL',201071908,NULL,NULL,NULL,NULL,'Fuldeore Srushti Vinod',NULL,NULL,NULL,NULL,NULL,NULL,NULL,NULL,NULL,NULL,NULL,NULL,NULL),('NULL',191030001,NULL,NULL,NULL,NULL,'S Gurdeep Singh Bali',NULL,NULL,NULL,NULL,NULL,NULL,NULL,NULL,NULL,NULL,NULL,NULL,NULL),('NULL',191030002,NULL,NULL,NULL,NULL,'Aadiya Ravindra Asawa',NULL,NULL,NULL,NULL,NULL,NULL,NULL,NULL,NULL,NULL,NULL,NULL,NULL),('NULL',191030003,NULL,NULL,NULL,NULL,'Aaditya Laxman Mali',NULL,NULL,NULL,NULL,NULL,NULL,NULL,NULL,NULL,NULL,NULL,NULL,NULL),('NULL',191030005,NULL,NULL,NULL,NULL,'Anurag Maruthikumar Chevendra',NULL,NULL,NULL,NULL,NULL,NULL,NULL,NULL,NULL,NULL,NULL,NULL,NULL),('NULL',191030007,NULL,NULL,NULL,NULL,'Bachhav Chinmay Satish',NULL,NULL,NULL,NULL,NULL,NULL,NULL,NULL,NULL,NULL,NULL,NULL,NULL),('NULL',191030008,NULL,NULL,NULL,NULL,'Bargale Yash Shirish',NULL,NULL,NULL,NULL,NULL,NULL,NULL,NULL,NULL,NULL,NULL,NULL,NULL),('NULL',191030009,NULL,NULL,NULL,NULL,'Bhargude Kunal Nitin',NULL,NULL,NULL,NULL,NULL,NULL,NULL,NULL,NULL,NULL,NULL,NULL,NULL),('NULL',191030010,NULL,NULL,NULL,NULL,'Bitey Kunal Vikas',NULL,NULL,NULL,NULL,NULL,NULL,NULL,NULL,NULL,NULL,NULL,NULL,NULL),('NULL',191030013,NULL,NULL,NULL,NULL,'Chauhan Vikas Laita',NULL,NULL,NULL,NULL,NULL,NULL,NULL,NULL,NULL,NULL,NULL,NULL,NULL),('NULL',191030017,NULL,NULL,NULL,NULL,'Deegoju Sharal Prem Aditya Satyanarayana',NULL,NULL,NULL,NULL,NULL,NULL,NULL,NULL,NULL,NULL,NULL,NULL,NULL),('NULL',191030019,NULL,NULL,NULL,NULL,'Deshmukh Sarang Shrikrishna',NULL,NULL,NULL,NULL,NULL,NULL,NULL,NULL,NULL,NULL,NULL,NULL,NULL),('NULL',191030020,NULL,NULL,NULL,NULL,'Dhande Gandharva Sanjiv',NULL,NULL,NULL,NULL,NULL,NULL,NULL,NULL,NULL,NULL,NULL,NULL,NULL),('NULL',191030022,NULL,NULL,NULL,NULL,'Gaikwad Kshitij Shesharao',NULL,NULL,NULL,NULL,NULL,NULL,NULL,NULL,NULL,NULL,NULL,NULL,NULL),('NULL',191030024,NULL,NULL,NULL,NULL,'Hiray Mihir Vijay',NULL,NULL,NULL,NULL,NULL,NULL,NULL,NULL,NULL,NULL,NULL,NULL,NULL),('NULL',191030025,NULL,NULL,NULL,NULL,'Hridaya Sunil Ghanmode',NULL,NULL,NULL,NULL,NULL,NULL,NULL,NULL,NULL,NULL,NULL,NULL,NULL),('NULL',191030028,NULL,NULL,NULL,NULL,'Jaiswal Ashutosh Jitendra',NULL,NULL,NULL,NULL,NULL,NULL,NULL,NULL,NULL,NULL,NULL,NULL,NULL),('NULL',191030029,NULL,NULL,NULL,NULL,'Joshi Prajay Pradyumna',NULL,NULL,NULL,NULL,NULL,NULL,NULL,NULL,NULL,NULL,NULL,NULL,NULL),('NULL',191030031,NULL,NULL,NULL,NULL,'Kadam Pruthviraj Hindurao',NULL,NULL,NULL,NULL,NULL,NULL,NULL,NULL,NULL,NULL,NULL,NULL,NULL),('NULL',191030037,NULL,NULL,NULL,NULL,'Mahajan Aniket Nilesh',NULL,NULL,NULL,NULL,NULL,NULL,NULL,NULL,NULL,NULL,NULL,NULL,NULL),('NULL',191030038,NULL,NULL,NULL,NULL,'Mahajan Pankaj Vijay',NULL,NULL,NULL,NULL,NULL,NULL,NULL,NULL,NULL,NULL,NULL,NULL,NULL),('NULL',191030039,NULL,NULL,NULL,NULL,'Mahajan Pramod Ajinath',NULL,NULL,NULL,NULL,NULL,NULL,NULL,NULL,NULL,NULL,NULL,NULL,NULL),('NULL',191030044,NULL,NULL,NULL,NULL,'Nagdeote Kshitij Shailesh',NULL,NULL,NULL,NULL,NULL,NULL,NULL,NULL,NULL,NULL,NULL,NULL,NULL),('NULL',191030046,NULL,NULL,NULL,NULL,'Panchmukh Shubham Rau',NULL,NULL,NULL,NULL,NULL,NULL,NULL,NULL,NULL,NULL,NULL,NULL,NULL),('NULL',191030049,NULL,NULL,NULL,NULL,'Pathan Siddhik Salim',NULL,NULL,NULL,NULL,NULL,NULL,NULL,NULL,NULL,NULL,NULL,NULL,NULL),('NULL',191030050,NULL,NULL,NULL,NULL,'Patil Ganesh Suresh',NULL,NULL,NULL,NULL,NULL,NULL,NULL,NULL,NULL,NULL,NULL,NULL,NULL),('NULL',191030051,NULL,NULL,NULL,NULL,'Patil Sachin Arvind',NULL,NULL,NULL,NULL,NULL,NULL,NULL,NULL,NULL,NULL,NULL,NULL,NULL),('NULL',191030052,NULL,NULL,NULL,NULL,'Patil Vishal Ramesh',NULL,NULL,NULL,NULL,NULL,NULL,NULL,NULL,NULL,NULL,NULL,NULL,NULL),('NULL',191030053,NULL,NULL,NULL,NULL,'Patil Waghamode Vijay Shrikant',NULL,NULL,NULL,NULL,NULL,NULL,NULL,NULL,NULL,NULL,NULL,NULL,NULL),('NULL',191030054,NULL,NULL,NULL,NULL,'Pawar Aditya Raju',NULL,NULL,NULL,NULL,NULL,NULL,NULL,NULL,NULL,NULL,NULL,NULL,NULL),('NULL',191030055,NULL,NULL,NULL,NULL,'Rajat Ajit Patil',NULL,NULL,NULL,NULL,NULL,NULL,NULL,NULL,NULL,NULL,NULL,NULL,NULL),('NULL',191030059,NULL,NULL,NULL,NULL,'Shah Sarth Nikhil',NULL,NULL,NULL,NULL,NULL,NULL,NULL,NULL,NULL,NULL,NULL,NULL,NULL),('NULL',191030060,NULL,NULL,NULL,NULL,'Shelake Pranav Ramchandra',NULL,NULL,NULL,NULL,NULL,NULL,NULL,NULL,NULL,NULL,NULL,NULL,NULL),('NULL',191030063,NULL,NULL,NULL,NULL,'Singh Rishabh Jitendra',NULL,NULL,NULL,NULL,NULL,NULL,NULL,NULL,NULL,NULL,NULL,NULL,NULL),('NULL',191030064,NULL,NULL,NULL,NULL,'Thakare Tejas Nathu',NULL,NULL,NULL,NULL,NULL,NULL,NULL,NULL,NULL,NULL,NULL,NULL,NULL),('NULL',191030066,NULL,NULL,NULL,NULL,'Waasi Ahmed Atique Ahmed Jagirdar',NULL,NULL,NULL,NULL,NULL,NULL,NULL,NULL,NULL,NULL,NULL,NULL,NULL),('NULL',191030067,NULL,NULL,NULL,NULL,'Waghmare Prathamesh Chandrakant',NULL,NULL,NULL,NULL,NULL,NULL,NULL,NULL,NULL,NULL,NULL,NULL,NULL),('NULL',191030069,NULL,NULL,NULL,NULL,'Rampariya Jay Prafull',NULL,NULL,NULL,NULL,NULL,NULL,NULL,NULL,NULL,NULL,NULL,NULL,NULL),('NULL',191031006,NULL,NULL,NULL,NULL,'Ayushi Jha',NULL,NULL,NULL,NULL,NULL,NULL,NULL,NULL,NULL,NULL,NULL,NULL,NULL),('NULL',191031011,NULL,NULL,NULL,NULL,'Borole Sharvari Ulhas',NULL,NULL,NULL,NULL,NULL,NULL,NULL,NULL,NULL,NULL,NULL,NULL,NULL),('NULL',191031014,NULL,NULL,NULL,NULL,'Chippa Poonam Shrinivas',NULL,NULL,NULL,NULL,NULL,NULL,NULL,NULL,NULL,NULL,NULL,NULL,NULL),('NULL',191031018,NULL,NULL,NULL,NULL,'Deokar Nikita Zumbar',NULL,NULL,NULL,NULL,NULL,NULL,NULL,NULL,NULL,NULL,NULL,NULL,NULL),('NULL',191031021,NULL,NULL,NULL,NULL,'Dorage Nilam Sanjay',NULL,NULL,NULL,NULL,NULL,NULL,NULL,NULL,NULL,NULL,NULL,NULL,NULL),('NULL',191031033,NULL,NULL,NULL,NULL,'Kulpe Apurva Mahendra',NULL,NULL,NULL,NULL,NULL,NULL,NULL,NULL,NULL,NULL,NULL,NULL,NULL),('NULL',191031035,NULL,NULL,NULL,NULL,'Lovekar Neha Satish',NULL,NULL,NULL,NULL,NULL,NULL,NULL,NULL,NULL,NULL,NULL,NULL,NULL),('NULL',191031041,NULL,NULL,NULL,NULL,'Manishita Ratnakar Singh',NULL,NULL,NULL,NULL,NULL,NULL,NULL,NULL,NULL,NULL,NULL,NULL,NULL),('NULL',191031045,NULL,NULL,NULL,NULL,'Nisarga Wanjari',NULL,NULL,NULL,NULL,NULL,NULL,NULL,NULL,NULL,NULL,NULL,NULL,NULL),('NULL',191031047,NULL,NULL,NULL,NULL,'Pardeshi Divya',NULL,NULL,NULL,NULL,NULL,NULL,NULL,NULL,NULL,NULL,NULL,NULL,NULL),('NULL',191031062,NULL,NULL,NULL,NULL,'Shimpi Nidhi Mahesh',NULL,NULL,NULL,NULL,NULL,NULL,NULL,NULL,NULL,NULL,NULL,NULL,NULL),('NULL',191041021,NULL,NULL,NULL,NULL,'Hage Arpita Pralhad',NULL,NULL,NULL,NULL,NULL,NULL,NULL,NULL,NULL,NULL,NULL,NULL,NULL),('NULL',201030901,NULL,NULL,NULL,NULL,'Nihil Manoj Joshi',NULL,NULL,NULL,NULL,NULL,NULL,NULL,NULL,NULL,NULL,NULL,NULL,NULL),('NULL',201030906,NULL,NULL,NULL,NULL,'Khatik Aadil Shakil',NULL,NULL,NULL,NULL,NULL,NULL,NULL,NULL,NULL,NULL,NULL,NULL,NULL),('NULL',201031904,NULL,NULL,NULL,NULL,'Aditi Pravin Pathak',NULL,NULL,NULL,NULL,NULL,NULL,NULL,NULL,NULL,NULL,NULL,NULL,NULL),('NULL',201031909,NULL,NULL,NULL,NULL,'Patil Prajakta Ravindra',NULL,NULL,NULL,NULL,NULL,NULL,NULL,NULL,NULL,NULL,NULL,NULL,NULL),('NULL',201031910,NULL,NULL,NULL,NULL,'Saba Arif Golandaj',NULL,NULL,NULL,NULL,NULL,NULL,NULL,NULL,NULL,NULL,NULL,NULL,NULL),('NULL',201031911,NULL,NULL,NULL,NULL,'Neelwani Pratiksha Sunil',NULL,NULL,NULL,NULL,NULL,NULL,NULL,NULL,NULL,NULL,NULL,NULL,NULL),('NULL',201031912,NULL,NULL,NULL,NULL,'Dhadwad Rutuja Devidas',NULL,NULL,NULL,NULL,NULL,NULL,NULL,NULL,NULL,NULL,NULL,NULL,NULL),('NULL',191090002,NULL,NULL,NULL,NULL,'Aayush Razdan',NULL,NULL,NULL,NULL,NULL,NULL,NULL,NULL,NULL,NULL,NULL,NULL,NULL),('NULL',191090003,NULL,NULL,NULL,NULL,'Aditya Shrikant Raghavan',NULL,NULL,NULL,NULL,NULL,NULL,NULL,NULL,NULL,NULL,NULL,NULL,NULL),('NULL',191090005,NULL,NULL,NULL,NULL,'Ambhore Sumedh Sahebrao',NULL,NULL,NULL,NULL,NULL,NULL,NULL,NULL,NULL,NULL,NULL,NULL,NULL),('NULL',191090008,NULL,NULL,NULL,NULL,'Aryan Arvind Nikam',NULL,NULL,NULL,NULL,NULL,NULL,NULL,NULL,NULL,NULL,NULL,NULL,NULL),('NULL',191090011,NULL,NULL,NULL,NULL,'Ayaan Mohammed Irfan',NULL,NULL,NULL,NULL,NULL,NULL,NULL,NULL,NULL,NULL,NULL,NULL,NULL),('NULL',191090012,NULL,NULL,NULL,NULL,'Barapatre Mayank Lala',NULL,NULL,NULL,NULL,NULL,NULL,NULL,NULL,NULL,NULL,NULL,NULL,NULL),('NULL',191090017,NULL,NULL,NULL,NULL,'Chavan Avdhut Shivaji',NULL,NULL,NULL,NULL,NULL,NULL,NULL,NULL,NULL,NULL,NULL,NULL,NULL),('NULL',191090018,NULL,NULL,NULL,NULL,'Darshan Sunil Mule',NULL,NULL,NULL,NULL,NULL,NULL,NULL,NULL,NULL,NULL,NULL,NULL,NULL),('NULL',191090022,NULL,NULL,NULL,NULL,'Ghaywat Pankaj Raju',NULL,NULL,NULL,NULL,NULL,NULL,NULL,NULL,NULL,NULL,NULL,NULL,NULL),('NULL',191090023,NULL,NULL,NULL,NULL,'Gondane Pratham Subhash',NULL,NULL,NULL,NULL,NULL,NULL,NULL,NULL,NULL,NULL,NULL,NULL,NULL),('NULL',191090027,NULL,NULL,NULL,NULL,'Harsh Dharamdatt Goel',NULL,NULL,NULL,NULL,NULL,NULL,NULL,NULL,NULL,NULL,NULL,NULL,NULL),('NULL',191090032,NULL,NULL,NULL,NULL,'Kadam Rushikesh Ravindra',NULL,NULL,NULL,NULL,NULL,NULL,NULL,NULL,NULL,NULL,NULL,NULL,NULL),('NULL',191090034,NULL,NULL,NULL,NULL,'Kedari Akash Sakharam',NULL,NULL,NULL,NULL,NULL,NULL,NULL,NULL,NULL,NULL,NULL,NULL,NULL),('NULL',191090036,NULL,NULL,NULL,NULL,'Kharat Anant Prakash',NULL,NULL,NULL,NULL,NULL,NULL,NULL,NULL,NULL,NULL,NULL,NULL,NULL),('NULL',191090040,NULL,NULL,NULL,NULL,'Mahadik Aniket Ashok',NULL,NULL,NULL,NULL,NULL,NULL,NULL,NULL,NULL,NULL,NULL,NULL,NULL),('NULL',191090041,NULL,NULL,NULL,NULL,'Mahale Apoorv Bharat',NULL,NULL,NULL,NULL,NULL,NULL,NULL,NULL,NULL,NULL,NULL,NULL,NULL),('NULL',191090042,NULL,NULL,NULL,NULL,'Manas Kulkarni',NULL,NULL,NULL,NULL,NULL,NULL,NULL,NULL,NULL,NULL,NULL,NULL,NULL),('NULL',191090044,NULL,NULL,NULL,NULL,'Mehul Manish Gulati',NULL,NULL,NULL,NULL,NULL,NULL,NULL,NULL,NULL,NULL,NULL,NULL,NULL),('NULL',191090048,NULL,NULL,NULL,NULL,'Palve Chaitanya Balasaheb',NULL,NULL,NULL,NULL,NULL,NULL,NULL,NULL,NULL,NULL,NULL,NULL,NULL),('NULL',191090049,NULL,NULL,NULL,NULL,'Panandikar Megh Milind',NULL,NULL,NULL,NULL,NULL,NULL,NULL,NULL,NULL,NULL,NULL,NULL,NULL),('NULL',191090050,NULL,NULL,NULL,NULL,'Panchbhai Dushant Ratnakar',NULL,NULL,NULL,NULL,NULL,NULL,NULL,NULL,NULL,NULL,NULL,NULL,NULL),('NULL',191090051,NULL,NULL,NULL,NULL,'Patil Mithilesh Sunil',NULL,NULL,NULL,NULL,NULL,NULL,NULL,NULL,NULL,NULL,NULL,NULL,NULL),('NULL',191090052,NULL,NULL,NULL,NULL,'Phatak Yash Sameer',NULL,NULL,NULL,NULL,NULL,NULL,NULL,NULL,NULL,NULL,NULL,NULL,NULL),('NULL',191090053,NULL,NULL,NULL,NULL,'Pidadi Rudhir Girish',NULL,NULL,NULL,NULL,NULL,NULL,NULL,NULL,NULL,NULL,NULL,NULL,NULL),('NULL',191090055,NULL,NULL,NULL,NULL,'Pol Arya Avinash',NULL,NULL,NULL,NULL,NULL,NULL,NULL,NULL,NULL,NULL,NULL,NULL,NULL),('NULL',191090056,NULL,NULL,NULL,NULL,'Punwatkar Onkar Madhukar',NULL,NULL,NULL,NULL,NULL,NULL,NULL,NULL,NULL,NULL,NULL,NULL,NULL),('NULL',191090062,NULL,NULL,NULL,NULL,'Santanu Kumar',NULL,NULL,NULL,NULL,NULL,NULL,NULL,NULL,NULL,NULL,NULL,NULL,NULL),('NULL',191090063,NULL,NULL,NULL,NULL,'Sanyog Sharma',NULL,NULL,NULL,NULL,NULL,NULL,NULL,NULL,NULL,NULL,NULL,NULL,NULL),('NULL',191090064,NULL,NULL,NULL,NULL,'Saraykar Parth Sanjay',NULL,NULL,NULL,NULL,NULL,NULL,NULL,NULL,NULL,NULL,NULL,NULL,NULL),('NULL',191090065,NULL,NULL,NULL,NULL,'Sawai Rohan Sachin',NULL,NULL,NULL,NULL,NULL,NULL,NULL,NULL,NULL,NULL,NULL,NULL,NULL),('NULL',191090066,NULL,NULL,NULL,NULL,'Shah Dhairya Jigar',NULL,NULL,NULL,NULL,NULL,NULL,NULL,NULL,NULL,NULL,NULL,NULL,NULL),('NULL',191090067,NULL,NULL,NULL,NULL,'Shah Harsh Amitkumar',NULL,NULL,NULL,NULL,NULL,NULL,NULL,NULL,NULL,NULL,NULL,NULL,NULL),('NULL',191090068,NULL,NULL,NULL,NULL,'Shubham Vilas Ghode',NULL,NULL,NULL,NULL,NULL,NULL,NULL,NULL,NULL,NULL,NULL,NULL,NULL),('NULL',191090071,NULL,NULL,NULL,NULL,'Sonawane Raj Kondaji',NULL,NULL,NULL,NULL,NULL,NULL,NULL,NULL,NULL,NULL,NULL,NULL,NULL),('NULL',191090073,NULL,NULL,NULL,NULL,'Tagore Prathamesh Rajesh',NULL,NULL,NULL,NULL,NULL,NULL,NULL,NULL,NULL,NULL,NULL,NULL,NULL),('NULL',191091004,NULL,NULL,NULL,NULL,'Alicia Maria Sunny',NULL,NULL,NULL,NULL,NULL,NULL,NULL,NULL,NULL,NULL,NULL,NULL,NULL),('NULL',191091006,NULL,NULL,NULL,NULL,'Amin Matri Dipak',NULL,NULL,NULL,NULL,NULL,NULL,NULL,NULL,NULL,NULL,NULL,NULL,NULL),('NULL',191091020,NULL,NULL,NULL,NULL,'Gawade Susmita Abhay',NULL,NULL,NULL,NULL,NULL,NULL,NULL,NULL,NULL,NULL,NULL,NULL,NULL),('NULL',191091021,NULL,NULL,NULL,NULL,'Gayatri Manoj Vernekar',NULL,NULL,NULL,NULL,NULL,NULL,NULL,NULL,NULL,NULL,NULL,NULL,NULL),('NULL',191091025,NULL,NULL,NULL,NULL,'Gurav Tanvi Milind',NULL,NULL,NULL,NULL,NULL,NULL,NULL,NULL,NULL,NULL,NULL,NULL,NULL),('NULL',191091031,NULL,NULL,NULL,NULL,'Joshl Isha Ashutosh',NULL,NULL,NULL,NULL,NULL,NULL,NULL,NULL,NULL,NULL,NULL,NULL,NULL),('NULL',191091046,NULL,NULL,NULL,NULL,'Mulik Bhagyashri Sudeshkumar',NULL,NULL,NULL,NULL,NULL,NULL,NULL,NULL,NULL,NULL,NULL,NULL,NULL),('NULL',191091047,NULL,NULL,NULL,NULL,'Neha Binwal',NULL,NULL,NULL,NULL,NULL,NULL,NULL,NULL,NULL,NULL,NULL,NULL,NULL),('NULL',191091057,NULL,NULL,NULL,NULL,'Raut Madhura Mahesh',NULL,NULL,NULL,NULL,NULL,NULL,NULL,NULL,NULL,NULL,NULL,NULL,NULL),('NULL',191091059,NULL,NULL,NULL,NULL,'Rode Yashaswini Ramesh',NULL,NULL,NULL,NULL,NULL,NULL,NULL,NULL,NULL,NULL,NULL,NULL,NULL),('NULL',191091060,NULL,NULL,NULL,NULL,'Rucha Santosh Pimple',NULL,NULL,NULL,NULL,NULL,NULL,NULL,NULL,NULL,NULL,NULL,NULL,NULL),('NULL',191091061,NULL,NULL,NULL,NULL,'Samel Riya Mukesh',NULL,NULL,NULL,NULL,NULL,NULL,NULL,NULL,NULL,NULL,NULL,NULL,NULL),('NULL',191091070,NULL,NULL,NULL,NULL,'Solunke Radhika Kishor',NULL,NULL,NULL,NULL,NULL,NULL,NULL,NULL,NULL,NULL,NULL,NULL,NULL),('NULL',191091074,NULL,NULL,NULL,NULL,'Wadhva Ruchika Rajesh',NULL,NULL,NULL,NULL,NULL,NULL,NULL,NULL,NULL,NULL,NULL,NULL,NULL),('NULL',201090903,NULL,NULL,NULL,NULL,'Joshl Rudra Janak',NULL,NULL,NULL,NULL,NULL,NULL,NULL,NULL,NULL,NULL,NULL,NULL,NULL),('NULL',201090908,NULL,NULL,NULL,NULL,'Kardekar Shreyas Mahendra',NULL,NULL,NULL,NULL,NULL,NULL,NULL,NULL,NULL,NULL,NULL,NULL,NULL),('NULL',201091905,NULL,NULL,NULL,NULL,'Bamankar Prajakta Prafulla',NULL,NULL,NULL,NULL,NULL,NULL,NULL,NULL,NULL,NULL,NULL,NULL,NULL),('NULL',201091906,NULL,NULL,NULL,NULL,'Avhad Shrutika Sunil',NULL,NULL,NULL,NULL,NULL,NULL,NULL,NULL,NULL,NULL,NULL,NULL,NULL),('NULL',201091907,NULL,NULL,NULL,NULL,'Bansode Tejasvi Uttam',NULL,NULL,NULL,NULL,NULL,NULL,NULL,NULL,NULL,NULL,NULL,NULL,NULL),('NULL',201091911,NULL,NULL,NULL,NULL,'Shitole Kshitija Anant',NULL,NULL,NULL,NULL,NULL,NULL,NULL,NULL,NULL,NULL,NULL,NULL,NULL),('NULL',201091912,NULL,NULL,NULL,NULL,'Rohini Ambadas Salunkhe',NULL,NULL,NULL,NULL,NULL,NULL,NULL,NULL,NULL,NULL,NULL,NULL,NULL),('NULL',201091914,NULL,NULL,NULL,NULL,'Salunkhe Nikita Sanjay',NULL,NULL,NULL,NULL,NULL,NULL,NULL,NULL,NULL,NULL,NULL,NULL,NULL),('NULL',171060067,NULL,NULL,NULL,NULL,'Nikhil Sunil Madavi',NULL,NULL,NULL,NULL,NULL,NULL,NULL,NULL,NULL,NULL,NULL,NULL,NULL),('NULL',181060039,NULL,NULL,NULL,NULL,'Manish Mhatre',NULL,NULL,NULL,NULL,NULL,NULL,NULL,NULL,NULL,NULL,NULL,NULL,NULL),('NULL',181060059,NULL,NULL,NULL,NULL,'Shubhendu Kumar',NULL,NULL,NULL,NULL,NULL,NULL,NULL,NULL,NULL,NULL,NULL,NULL,NULL),('NULL',191060001,NULL,NULL,NULL,NULL,'Amreek Singh Choudhary',NULL,NULL,NULL,NULL,NULL,NULL,NULL,NULL,NULL,NULL,NULL,NULL,NULL),('NULL',191060003,NULL,NULL,NULL,NULL,'Aaditya Newaskar',NULL,NULL,NULL,NULL,NULL,NULL,NULL,NULL,NULL,NULL,NULL,NULL,NULL),('NULL',191060004,NULL,NULL,NULL,NULL,'Abhijeet Bhikanrao Sawale',NULL,NULL,NULL,NULL,NULL,NULL,NULL,NULL,NULL,NULL,NULL,NULL,NULL),('NULL',191060005,NULL,NULL,NULL,NULL,'Alshi Atharva Sachitanand',NULL,NULL,NULL,NULL,NULL,NULL,NULL,NULL,NULL,NULL,NULL,NULL,NULL),('NULL',191060009,NULL,NULL,NULL,NULL,'Bais Yashrajsingh Vinodsingh',NULL,NULL,NULL,NULL,NULL,NULL,NULL,NULL,NULL,NULL,NULL,NULL,NULL),('NULL',191060010,NULL,NULL,NULL,NULL,'Bhangale Chinmay Atul',NULL,NULL,NULL,NULL,NULL,NULL,NULL,NULL,NULL,NULL,NULL,NULL,NULL),('NULL',191060015,NULL,NULL,NULL,NULL,'Chavan Mayur Rameshwar',NULL,NULL,NULL,NULL,NULL,NULL,NULL,NULL,NULL,NULL,NULL,NULL,NULL),('NULL',191060020,NULL,NULL,NULL,NULL,'Dande Pushpak Ravindra',NULL,NULL,NULL,NULL,NULL,NULL,NULL,NULL,NULL,NULL,NULL,NULL,NULL),('NULL',191060021,NULL,NULL,NULL,NULL,'Deshpande Ishan Mangesh',NULL,NULL,NULL,NULL,NULL,NULL,NULL,NULL,NULL,NULL,NULL,NULL,NULL),('NULL',191060024,NULL,NULL,NULL,NULL,'Dhatingan Omkar Rajesh',NULL,NULL,NULL,NULL,NULL,NULL,NULL,NULL,NULL,NULL,NULL,NULL,NULL),('NULL',191060025,NULL,NULL,NULL,NULL,'Dongre Nishant Arun',NULL,NULL,NULL,NULL,NULL,NULL,NULL,NULL,NULL,NULL,NULL,NULL,NULL),('NULL',191060026,NULL,NULL,NULL,NULL,'Fumtiya Deep Jagdish',NULL,NULL,NULL,NULL,NULL,NULL,NULL,NULL,NULL,NULL,NULL,NULL,NULL),('NULL',191060029,NULL,NULL,NULL,NULL,'Gavit Sandesh Dada',NULL,NULL,NULL,NULL,NULL,NULL,NULL,NULL,NULL,NULL,NULL,NULL,NULL),('NULL',191060030,NULL,NULL,NULL,NULL,'Ghodake Aniket Ashok',NULL,NULL,NULL,NULL,NULL,NULL,NULL,NULL,NULL,NULL,NULL,NULL,NULL),('NULL',191060032,NULL,NULL,NULL,NULL,'Gupta Ashutosh Nandkishor',NULL,NULL,NULL,NULL,NULL,NULL,NULL,NULL,NULL,NULL,NULL,NULL,NULL),('NULL',191060035,NULL,NULL,NULL,NULL,'Jagatramka Aarav Puneet',NULL,NULL,NULL,NULL,NULL,NULL,NULL,NULL,NULL,NULL,NULL,NULL,NULL),('NULL',191060036,NULL,NULL,NULL,NULL,'Jhagrut Pradeep Lalwani',NULL,NULL,NULL,NULL,NULL,NULL,NULL,NULL,NULL,NULL,NULL,NULL,NULL),('NULL',191060037,NULL,NULL,NULL,NULL,'Karbhal Rutunjay Balu',NULL,NULL,NULL,NULL,NULL,NULL,NULL,NULL,NULL,NULL,NULL,NULL,NULL),('NULL',191060038,NULL,NULL,NULL,NULL,'Karpe Shivam Arun',NULL,NULL,NULL,NULL,NULL,NULL,NULL,NULL,NULL,NULL,NULL,NULL,NULL),('NULL',191060039,NULL,NULL,NULL,NULL,'Keripale Kedar Vaibhav',NULL,NULL,NULL,NULL,NULL,NULL,NULL,NULL,NULL,NULL,NULL,NULL,NULL),('NULL',191060040,NULL,NULL,NULL,NULL,'Khedkar Rohit Ramesh',NULL,NULL,NULL,NULL,NULL,NULL,NULL,NULL,NULL,NULL,NULL,NULL,NULL),('NULL',191060041,NULL,NULL,NULL,NULL,'Kunal Mahesh Tawade',NULL,NULL,NULL,NULL,NULL,NULL,NULL,NULL,NULL,NULL,NULL,NULL,NULL),('NULL',191060046,NULL,NULL,NULL,NULL,'Nazare Shubham Milind',NULL,NULL,NULL,NULL,NULL,NULL,NULL,NULL,NULL,NULL,NULL,NULL,NULL),('NULL',191060047,NULL,NULL,NULL,NULL,'Ninad Sunil Jangle',NULL,NULL,NULL,NULL,NULL,NULL,NULL,NULL,NULL,NULL,NULL,NULL,NULL),('NULL',191060048,NULL,NULL,NULL,NULL,'Pashte Prathamesh Sakharam',NULL,NULL,NULL,NULL,NULL,NULL,NULL,NULL,NULL,NULL,NULL,NULL,NULL),('NULL',191060051,NULL,NULL,NULL,NULL,'Pawar Yash Sanjay',NULL,NULL,NULL,NULL,NULL,NULL,NULL,NULL,NULL,NULL,NULL,NULL,NULL),('NULL',191060053,NULL,NULL,NULL,NULL,'Pawar Saurabh Suresh',NULL,NULL,NULL,NULL,NULL,NULL,NULL,NULL,NULL,NULL,NULL,NULL,NULL),('NULL',191060055,NULL,NULL,NULL,NULL,'Rajat Deepak Bhoir',NULL,NULL,NULL,NULL,NULL,NULL,NULL,NULL,NULL,NULL,NULL,NULL,NULL),('NULL',191060059,NULL,NULL,NULL,NULL,'Salve Jatin Avinash',NULL,NULL,NULL,NULL,NULL,NULL,NULL,NULL,NULL,NULL,NULL,NULL,NULL),('NULL',191060061,NULL,NULL,NULL,NULL,'Sanskar Pashine',NULL,NULL,NULL,NULL,NULL,NULL,NULL,NULL,NULL,NULL,NULL,NULL,NULL),('NULL',191060062,NULL,NULL,NULL,NULL,'Satpute Akshay Eknath',NULL,NULL,NULL,NULL,NULL,NULL,NULL,NULL,NULL,NULL,NULL,NULL,NULL),('NULL',191060064,NULL,NULL,NULL,NULL,'Shedge Rohit Prakash',NULL,NULL,NULL,NULL,NULL,NULL,NULL,NULL,NULL,NULL,NULL,NULL,NULL),('NULL',191060065,NULL,NULL,NULL,NULL,'Shimpi Keyur Kishor',NULL,NULL,NULL,NULL,NULL,NULL,NULL,NULL,NULL,NULL,NULL,NULL,NULL),('NULL',191060067,NULL,NULL,NULL,NULL,'Shinde Tejas Mangesh',NULL,NULL,NULL,NULL,NULL,NULL,NULL,NULL,NULL,NULL,NULL,NULL,NULL),('NULL',191060068,NULL,NULL,NULL,NULL,'Shivankit',NULL,NULL,NULL,NULL,NULL,NULL,NULL,NULL,NULL,NULL,NULL,NULL,NULL),('NULL',191060072,NULL,NULL,NULL,NULL,'Thakar Atharva Pramod',NULL,NULL,NULL,NULL,NULL,NULL,NULL,NULL,NULL,NULL,NULL,NULL,NULL),('NULL',191060073,NULL,NULL,NULL,NULL,'Ujjawal Akash Singh',NULL,NULL,NULL,NULL,NULL,NULL,NULL,NULL,NULL,NULL,NULL,NULL,NULL),('NULL',191060074,NULL,NULL,NULL,NULL,'Vignesh Ramasubramaniam',NULL,NULL,NULL,NULL,NULL,NULL,NULL,NULL,NULL,NULL,NULL,NULL,NULL),('NULL',191060075,NULL,NULL,NULL,NULL,'Wali Vinayak Dilip',NULL,NULL,NULL,NULL,NULL,NULL,NULL,NULL,NULL,NULL,NULL,NULL,NULL),('NULL',191060076,NULL,NULL,NULL,NULL,'Wasnik Shreyash Prashant',NULL,NULL,NULL,NULL,NULL,NULL,NULL,NULL,NULL,NULL,NULL,NULL,NULL),('NULL',191060079,NULL,NULL,NULL,NULL,'Quadri Mohammed Ayaz Mohammed Qamar',NULL,NULL,NULL,NULL,NULL,NULL,NULL,NULL,NULL,NULL,NULL,NULL,NULL),('NULL',191061006,NULL,NULL,NULL,NULL,'Angule Mayuri Mohan',NULL,NULL,NULL,NULL,NULL,NULL,NULL,NULL,NULL,NULL,NULL,NULL,NULL),('NULL',191061008,NULL,NULL,NULL,NULL,'Asavari Ketan Ambavane',NULL,NULL,NULL,NULL,NULL,NULL,NULL,NULL,NULL,NULL,NULL,NULL,NULL),('NULL',191061012,NULL,NULL,NULL,NULL,'Chaitravi Chalke',NULL,NULL,NULL,NULL,NULL,NULL,NULL,NULL,NULL,NULL,NULL,NULL,NULL),('NULL',191061013,NULL,NULL,NULL,NULL,'Chandane Surabhi Rajesh',NULL,NULL,NULL,NULL,NULL,NULL,NULL,NULL,NULL,NULL,NULL,NULL,NULL),('NULL',191061016,NULL,NULL,NULL,NULL,'Chavan Sanjana Pandit',NULL,NULL,NULL,NULL,NULL,NULL,NULL,NULL,NULL,NULL,NULL,NULL,NULL),('NULL',191061017,NULL,NULL,NULL,NULL,'Chikshe Sakshi Chandrakant',NULL,NULL,NULL,NULL,NULL,NULL,NULL,NULL,NULL,NULL,NULL,NULL,NULL),('NULL',191061027,NULL,NULL,NULL,NULL,'Gadge Sanika Ashish',NULL,NULL,NULL,NULL,NULL,NULL,NULL,NULL,NULL,NULL,NULL,NULL,NULL),('NULL',191061031,NULL,NULL,NULL,NULL,'Gond Rakshita Vitthal',NULL,NULL,NULL,NULL,NULL,NULL,NULL,NULL,NULL,NULL,NULL,NULL,NULL),('NULL',191061033,NULL,NULL,NULL,NULL,'Ishita Gupta',NULL,NULL,NULL,NULL,NULL,NULL,NULL,NULL,NULL,NULL,NULL,NULL,NULL),('NULL',191061042,NULL,NULL,NULL,NULL,'Mehak Sati',NULL,NULL,NULL,NULL,NULL,NULL,NULL,NULL,NULL,NULL,NULL,NULL,NULL),('NULL',191061049,NULL,NULL,NULL,NULL,'Patil Vaishnavi Bajirao',NULL,NULL,NULL,NULL,NULL,NULL,NULL,NULL,NULL,NULL,NULL,NULL,NULL),('NULL',191061050,NULL,NULL,NULL,NULL,'Pawar Ananya Shripad',NULL,NULL,NULL,NULL,NULL,NULL,NULL,NULL,NULL,NULL,NULL,NULL,NULL),('NULL',191061056,NULL,NULL,NULL,NULL,'Randhare Pooja Khandu',NULL,NULL,NULL,NULL,NULL,NULL,NULL,NULL,NULL,NULL,NULL,NULL,NULL),('NULL',191061060,NULL,NULL,NULL,NULL,'Sanghamitra Ranganathan',NULL,NULL,NULL,NULL,NULL,NULL,NULL,NULL,NULL,NULL,NULL,NULL,NULL),('NULL',191061063,NULL,NULL,NULL,NULL,'Selokar Anjali Suresh',NULL,NULL,NULL,NULL,NULL,NULL,NULL,NULL,NULL,NULL,NULL,NULL,NULL),('NULL',191061070,NULL,NULL,NULL,NULL,'Sidhya Jain',NULL,NULL,NULL,NULL,NULL,NULL,NULL,NULL,NULL,NULL,NULL,NULL,NULL),('NULL',191061077,NULL,NULL,NULL,NULL,'Yadav Kalpana Ramesh',NULL,NULL,NULL,NULL,NULL,NULL,NULL,NULL,NULL,NULL,NULL,NULL,NULL),('NULL',191091016,NULL,NULL,NULL,NULL,'Borkar Mayuri Bhagwat',NULL,NULL,NULL,NULL,NULL,NULL,NULL,NULL,NULL,NULL,NULL,NULL,NULL),('NULL',201061902,NULL,NULL,NULL,NULL,'Thite Sayali Prakash',NULL,NULL,NULL,NULL,NULL,NULL,NULL,NULL,NULL,NULL,NULL,NULL,NULL),('NULL',201061903,NULL,NULL,NULL,NULL,'Sakshi Sandip More',NULL,NULL,NULL,NULL,NULL,NULL,NULL,NULL,NULL,NULL,NULL,NULL,NULL),('NULL',191080001,NULL,NULL,NULL,NULL,'Rohit Sharma',NULL,NULL,NULL,NULL,NULL,NULL,NULL,NULL,NULL,NULL,NULL,NULL,NULL),('NULL',191080002,NULL,NULL,NULL,NULL,'Aniket Thakur',NULL,NULL,NULL,NULL,NULL,NULL,NULL,NULL,NULL,NULL,NULL,NULL,NULL),('NULL',191080003,NULL,NULL,NULL,NULL,'Aditya Mit Darekar',NULL,NULL,NULL,NULL,NULL,NULL,NULL,NULL,NULL,NULL,NULL,NULL,NULL),('NULL',191080005,NULL,NULL,NULL,NULL,'Aher Pranav Ashok',NULL,NULL,NULL,NULL,NULL,NULL,NULL,NULL,NULL,NULL,NULL,NULL,NULL),('NULL',191080006,NULL,NULL,NULL,NULL,'Atharva Maheshrao Bhosale',NULL,NULL,NULL,NULL,NULL,NULL,NULL,NULL,NULL,NULL,NULL,NULL,NULL),('NULL',191080008,NULL,NULL,NULL,NULL,'Baghele Chahat Madhukar',NULL,NULL,NULL,NULL,NULL,NULL,NULL,NULL,NULL,NULL,NULL,NULL,NULL),('NULL',191080010,NULL,NULL,NULL,NULL,'Bauskar Tushar Sunil',NULL,NULL,NULL,NULL,NULL,NULL,NULL,NULL,NULL,NULL,NULL,NULL,NULL),('NULL',191080012,NULL,NULL,NULL,NULL,'Bhala Prashant Tukaram',NULL,NULL,NULL,NULL,NULL,NULL,NULL,NULL,NULL,NULL,NULL,NULL,NULL),('NULL',191080015,NULL,NULL,NULL,NULL,'Bodke Vinayak Suresh',NULL,NULL,NULL,NULL,NULL,NULL,NULL,NULL,NULL,NULL,NULL,NULL,NULL),('NULL',191080016,NULL,NULL,NULL,NULL,'Chandani Mohak Suresh',NULL,NULL,NULL,NULL,NULL,NULL,NULL,NULL,NULL,NULL,NULL,NULL,NULL),('NULL',191080017,NULL,NULL,NULL,NULL,'Chaudhari Mayur Pyarelal',NULL,NULL,NULL,NULL,NULL,NULL,NULL,NULL,NULL,NULL,NULL,NULL,NULL),('NULL',191080018,NULL,NULL,NULL,NULL,'Chhaparia Aman Sandeep',NULL,NULL,NULL,NULL,NULL,NULL,NULL,NULL,NULL,NULL,NULL,NULL,NULL),('NULL',191080020,NULL,NULL,NULL,NULL,'Dange Vishal Bajrang',NULL,NULL,NULL,NULL,NULL,NULL,NULL,NULL,NULL,NULL,NULL,NULL,NULL),('NULL',191080021,NULL,NULL,NULL,NULL,'Darandale Aditya Tanaji',NULL,NULL,NULL,NULL,NULL,NULL,NULL,NULL,NULL,NULL,NULL,NULL,NULL),('NULL',191080022,NULL,NULL,NULL,NULL,'Delwala Nirmit Rajesh',NULL,NULL,NULL,NULL,NULL,NULL,NULL,NULL,NULL,NULL,NULL,NULL,NULL),('NULL',191080023,NULL,NULL,NULL,NULL,'Dhanawade Vishal Rajaram',NULL,NULL,NULL,NULL,NULL,NULL,NULL,NULL,NULL,NULL,NULL,NULL,NULL),('NULL',191080024,NULL,NULL,NULL,NULL,'Dhonddev Ameya Sanjay',NULL,NULL,NULL,NULL,NULL,NULL,NULL,NULL,NULL,NULL,NULL,NULL,NULL),('NULL',191080025,NULL,NULL,NULL,NULL,'Donovan Frank Crasta',NULL,NULL,NULL,NULL,NULL,NULL,NULL,NULL,NULL,NULL,NULL,NULL,NULL),('NULL',191080026,NULL,NULL,NULL,NULL,'Doshi Mann Alkesh',NULL,NULL,NULL,NULL,NULL,NULL,NULL,NULL,NULL,NULL,NULL,NULL,NULL),('NULL',191080027,NULL,NULL,NULL,NULL,'Ghogare Prathamesh Gajanan',NULL,NULL,NULL,NULL,NULL,NULL,NULL,NULL,NULL,NULL,NULL,NULL,NULL),('NULL',191080032,NULL,NULL,NULL,NULL,'Jain Rishabh Mahendrakumar',NULL,NULL,NULL,NULL,NULL,NULL,NULL,NULL,NULL,NULL,NULL,NULL,NULL),('NULL',191080038,NULL,NULL,NULL,NULL,'Khatu Utsav Ramchandra',NULL,NULL,NULL,NULL,NULL,NULL,NULL,NULL,NULL,NULL,NULL,NULL,NULL),('NULL',191080040,NULL,NULL,NULL,NULL,'Khushalani Pankaj Kanayalal',NULL,NULL,NULL,NULL,NULL,NULL,NULL,NULL,NULL,NULL,NULL,NULL,NULL),('NULL',191080046,NULL,NULL,NULL,NULL,'Mohammed Walid',NULL,NULL,NULL,NULL,NULL,NULL,NULL,NULL,NULL,NULL,NULL,NULL,NULL),('NULL',191080047,NULL,NULL,NULL,NULL,'Mondkar Vedant Deepak',NULL,NULL,NULL,NULL,NULL,NULL,NULL,NULL,NULL,NULL,NULL,NULL,NULL),('NULL',191080048,NULL,NULL,NULL,NULL,'Mude Sagar Vishal',NULL,NULL,NULL,NULL,NULL,NULL,NULL,NULL,NULL,NULL,NULL,NULL,NULL),('NULL',191080049,NULL,NULL,NULL,NULL,'Mundhe Arvind Bhujangrao',NULL,NULL,NULL,NULL,NULL,NULL,NULL,NULL,NULL,NULL,NULL,NULL,NULL),('NULL',191080050,NULL,NULL,NULL,NULL,'Narnaware Prajwal Rajhans',NULL,NULL,NULL,NULL,NULL,NULL,NULL,NULL,NULL,NULL,NULL,NULL,NULL),('NULL',191080051,NULL,NULL,NULL,NULL,'Nayan Devendra Taori',NULL,NULL,NULL,NULL,NULL,NULL,NULL,NULL,NULL,NULL,NULL,NULL,NULL),('NULL',191080053,NULL,NULL,NULL,NULL,'Nityansh Doshi',NULL,NULL,NULL,NULL,NULL,NULL,NULL,NULL,NULL,NULL,NULL,NULL,NULL),('NULL',191080054,NULL,NULL,NULL,NULL,'Pachare Mahesh Dinkar',NULL,NULL,NULL,NULL,NULL,NULL,NULL,NULL,NULL,NULL,NULL,NULL,NULL),('NULL',191080055,NULL,NULL,NULL,NULL,'Parekh Meet Mitesh',NULL,NULL,NULL,NULL,NULL,NULL,NULL,NULL,NULL,NULL,NULL,NULL,NULL),('NULL',191080056,NULL,NULL,NULL,NULL,'Patil Amartya Jayawant',NULL,NULL,NULL,NULL,NULL,NULL,NULL,NULL,NULL,NULL,NULL,NULL,NULL),('NULL',191080058,NULL,NULL,NULL,NULL,'Patil Roan Shashikant',NULL,NULL,NULL,NULL,NULL,NULL,NULL,NULL,NULL,NULL,NULL,NULL,NULL),('NULL',191080059,NULL,NULL,NULL,NULL,'Pawar Shivam Darasing',NULL,NULL,NULL,NULL,NULL,NULL,NULL,NULL,NULL,NULL,NULL,NULL,NULL),('NULL',191080060,NULL,NULL,NULL,NULL,'Prashant Pradeep Gupta',NULL,NULL,NULL,NULL,NULL,NULL,NULL,NULL,NULL,NULL,NULL,NULL,NULL),('NULL',191080062,NULL,NULL,NULL,NULL,'Rajpurohit Rakesh Bhagwan',NULL,NULL,NULL,NULL,NULL,NULL,NULL,NULL,NULL,NULL,NULL,NULL,NULL),('NULL',191080063,NULL,NULL,NULL,NULL,'Randive Sudhanshu Surendra',NULL,NULL,NULL,NULL,NULL,NULL,NULL,NULL,NULL,NULL,NULL,NULL,NULL),('NULL',191080065,NULL,NULL,NULL,NULL,'Samudre Vishwajeet Raosaheb',NULL,NULL,NULL,NULL,NULL,NULL,NULL,NULL,NULL,NULL,NULL,NULL,NULL),('NULL',191080067,NULL,NULL,NULL,NULL,'Shah Aayush Jignesh',NULL,NULL,NULL,NULL,NULL,NULL,NULL,NULL,NULL,NULL,NULL,NULL,NULL),('NULL',191080070,NULL,NULL,NULL,NULL,'Shah Parth Dharmesh',NULL,NULL,NULL,NULL,NULL,NULL,NULL,NULL,NULL,NULL,NULL,NULL,NULL),('NULL',191080071,NULL,NULL,NULL,NULL,'Shaikh Mohammed Ammar Shaikh Abdul Hameed',NULL,NULL,NULL,NULL,NULL,NULL,NULL,NULL,NULL,NULL,NULL,NULL,NULL),('NULL',191080073,NULL,NULL,NULL,NULL,'Shubham Suresh Pawar',NULL,NULL,NULL,NULL,NULL,NULL,NULL,NULL,NULL,NULL,NULL,NULL,NULL),('NULL',191080074,NULL,NULL,NULL,NULL,'Siddhant Pradeep Gupta',NULL,NULL,NULL,NULL,NULL,NULL,NULL,NULL,NULL,NULL,NULL,NULL,NULL),('NULL',191080075,NULL,NULL,NULL,NULL,'Soumil Krishna Kamat',NULL,NULL,NULL,NULL,NULL,NULL,NULL,NULL,NULL,NULL,NULL,NULL,NULL),('NULL',191080077,NULL,NULL,NULL,NULL,'Vinay Sanjay Jogani',NULL,NULL,NULL,NULL,NULL,NULL,NULL,NULL,NULL,NULL,NULL,NULL,NULL),('NULL',191080079,NULL,NULL,NULL,NULL,'Kulkarni Apurv Dattatraya',NULL,NULL,NULL,NULL,NULL,NULL,NULL,NULL,NULL,NULL,NULL,NULL,NULL),('NULL',191080080,NULL,NULL,NULL,NULL,'Maurya Ravi Ramchandra',NULL,NULL,NULL,NULL,NULL,NULL,NULL,NULL,NULL,NULL,NULL,NULL,NULL),('NULL',191081013,NULL,NULL,NULL,NULL,'Bharambe Piyusha Santosh',NULL,NULL,NULL,NULL,NULL,NULL,NULL,NULL,NULL,NULL,NULL,NULL,NULL),('NULL',191081014,NULL,NULL,NULL,NULL,'Bhumika Suresh Kothwal',NULL,NULL,NULL,NULL,NULL,NULL,NULL,NULL,NULL,NULL,NULL,NULL,NULL),('NULL',191081028,NULL,NULL,NULL,NULL,'Ghosh Dhanishtha Shyamal',NULL,NULL,NULL,NULL,NULL,NULL,NULL,NULL,NULL,NULL,NULL,NULL,NULL),('NULL',191081031,NULL,NULL,NULL,NULL,'Jain Bhavika Manoj',NULL,NULL,NULL,NULL,NULL,NULL,NULL,NULL,NULL,NULL,NULL,NULL,NULL),('NULL',191081033,NULL,NULL,NULL,NULL,'Jarwal Vaishnavi Gorakhsing',NULL,NULL,NULL,NULL,NULL,NULL,NULL,NULL,NULL,NULL,NULL,NULL,NULL),('NULL',191081034,NULL,NULL,NULL,NULL,'Joshi Aayushi Nilesh',NULL,NULL,NULL,NULL,NULL,NULL,NULL,NULL,NULL,NULL,NULL,NULL,NULL),('NULL',191081035,NULL,NULL,NULL,NULL,'Kadam Mansi Vijay',NULL,NULL,NULL,NULL,NULL,NULL,NULL,NULL,NULL,NULL,NULL,NULL,NULL),('NULL',191081036,NULL,NULL,NULL,NULL,'Kharanar Neha Vijay',NULL,NULL,NULL,NULL,NULL,NULL,NULL,NULL,NULL,NULL,NULL,NULL,NULL),('NULL',191081037,NULL,NULL,NULL,NULL,'Khandekar Mansi Raikumar',NULL,NULL,NULL,NULL,NULL,NULL,NULL,NULL,NULL,NULL,NULL,NULL,NULL),('NULL',191081042,NULL,NULL,NULL,NULL,'Krishna Rajendra Asher',NULL,NULL,NULL,NULL,NULL,NULL,NULL,NULL,NULL,NULL,NULL,NULL,NULL),('NULL',191081044,NULL,NULL,NULL,NULL,'Mamidwar Vedika Kishor',NULL,NULL,NULL,NULL,NULL,NULL,NULL,NULL,NULL,NULL,NULL,NULL,NULL),('NULL',191081045,NULL,NULL,NULL,NULL,'Mankar Dhanisha Dharmaravi',NULL,NULL,NULL,NULL,NULL,NULL,NULL,NULL,NULL,NULL,NULL,NULL,NULL),('NULL',191081057,NULL,NULL,NULL,NULL,'Patil Mansi Pradip',NULL,NULL,NULL,NULL,NULL,NULL,NULL,NULL,NULL,NULL,NULL,NULL,NULL),('NULL',191081061,NULL,NULL,NULL,NULL,'Prerana Ratan Shelke',NULL,NULL,NULL,NULL,NULL,NULL,NULL,NULL,NULL,NULL,NULL,NULL,NULL),('NULL',191081064,NULL,NULL,NULL,NULL,'Sainger Nishtha Rajiv',NULL,NULL,NULL,NULL,NULL,NULL,NULL,NULL,NULL,NULL,NULL,NULL,NULL),('NULL',191081078,NULL,NULL,NULL,NULL,'Gupta Vriddhi Amarnath',NULL,NULL,NULL,NULL,NULL,NULL,NULL,NULL,NULL,NULL,NULL,NULL,NULL),('NULL',201080902,NULL,NULL,NULL,NULL,'Shah Jeet Ajay',NULL,NULL,NULL,NULL,NULL,NULL,NULL,NULL,NULL,NULL,NULL,NULL,NULL),('NULL',201080903,NULL,NULL,NULL,NULL,'Parmar Aakash Arvindbhai',NULL,NULL,NULL,NULL,NULL,NULL,NULL,NULL,NULL,NULL,NULL,NULL,NULL),('NULL',201080908,NULL,NULL,NULL,NULL,'Bhosale Sanket Maruti',NULL,NULL,NULL,NULL,NULL,NULL,NULL,NULL,NULL,NULL,NULL,NULL,NULL),('NULL',201081904,NULL,NULL,NULL,NULL,'Rashinkar Shivani Madhukar',NULL,NULL,NULL,NULL,NULL,NULL,NULL,NULL,NULL,NULL,NULL,NULL,NULL),('NULL',201081905,NULL,NULL,NULL,NULL,'Sheth Dhanvi Nileshkumar',NULL,NULL,NULL,NULL,NULL,NULL,NULL,NULL,NULL,NULL,NULL,NULL,NULL),('NULL',201081907,NULL,NULL,NULL,NULL,'Gosavi Shalini Vijay',NULL,NULL,NULL,NULL,NULL,NULL,NULL,NULL,NULL,NULL,NULL,NULL,NULL),('NULL',191020006,NULL,NULL,NULL,NULL,'Akshil Mehul Gosavia',NULL,NULL,NULL,NULL,NULL,NULL,NULL,NULL,NULL,NULL,NULL,NULL,NULL),('NULL',191020008,NULL,NULL,NULL,NULL,'Apte Chaitanya Prasad',NULL,NULL,NULL,NULL,NULL,NULL,NULL,NULL,NULL,NULL,NULL,NULL,NULL),('NULL',191020010,NULL,NULL,NULL,NULL,'Ayush Milind Joshi',NULL,NULL,NULL,NULL,NULL,NULL,NULL,NULL,NULL,NULL,NULL,NULL,NULL),('NULL',191020012,NULL,NULL,NULL,NULL,'Bang Pritesh Sharadkumar',NULL,NULL,NULL,NULL,NULL,NULL,NULL,NULL,NULL,NULL,NULL,NULL,NULL),('NULL',191020018,NULL,NULL,NULL,NULL,'Chaulamwar Ninad Sanjay',NULL,NULL,NULL,NULL,NULL,NULL,NULL,NULL,NULL,NULL,NULL,NULL,NULL),('NULL',191020021,NULL,NULL,NULL,NULL,'Desai Prathamesh Sunil',NULL,NULL,NULL,NULL,NULL,NULL,NULL,NULL,NULL,NULL,NULL,NULL,NULL),('NULL',191020022,NULL,NULL,NULL,NULL,'Dhotekar Ayam Alok',NULL,NULL,NULL,NULL,NULL,NULL,NULL,NULL,NULL,NULL,NULL,NULL,NULL),('NULL',191020027,NULL,NULL,NULL,NULL,'Ishan Ashish Lokhande',NULL,NULL,NULL,NULL,NULL,NULL,NULL,NULL,NULL,NULL,NULL,NULL,NULL),('NULL',191020028,NULL,NULL,NULL,NULL,'Kapade Pawan Anil',NULL,NULL,NULL,NULL,NULL,NULL,NULL,NULL,NULL,NULL,NULL,NULL,NULL),('NULL',191020029,NULL,NULL,NULL,NULL,'Karthik Swaminathan',NULL,NULL,NULL,NULL,NULL,NULL,NULL,NULL,NULL,NULL,NULL,NULL,NULL),('NULL',191020031,NULL,NULL,NULL,NULL,'Kazi Danish Zaheer',NULL,NULL,NULL,NULL,NULL,NULL,NULL,NULL,NULL,NULL,NULL,NULL,NULL),('NULL',191020033,NULL,NULL,NULL,NULL,'Kulkarni Sameep Maruti',NULL,NULL,NULL,NULL,NULL,NULL,NULL,NULL,NULL,NULL,NULL,NULL,NULL),('NULL',191020034,NULL,NULL,NULL,NULL,'Mane Mayuresh Prashant',NULL,NULL,NULL,NULL,NULL,NULL,NULL,NULL,NULL,NULL,NULL,NULL,NULL),('NULL',191020036,NULL,NULL,NULL,NULL,'Meshram Sahil Sudhir',NULL,NULL,NULL,NULL,NULL,NULL,NULL,NULL,NULL,NULL,NULL,NULL,NULL),('NULL',191020038,NULL,NULL,NULL,NULL,'Mohammed Saad Hashmi',NULL,NULL,NULL,NULL,NULL,NULL,NULL,NULL,NULL,NULL,NULL,NULL,NULL),('NULL',191020039,NULL,NULL,NULL,NULL,'Mote Yashraj Rajesh',NULL,NULL,NULL,NULL,NULL,NULL,NULL,NULL,NULL,NULL,NULL,NULL,NULL),('NULL',191020040,NULL,NULL,NULL,NULL,'Mundada Gaurav Govind',NULL,NULL,NULL,NULL,NULL,NULL,NULL,NULL,NULL,NULL,NULL,NULL,NULL),('NULL',191020044,NULL,NULL,NULL,NULL,'Pandit Pranav Ganesh',NULL,NULL,NULL,NULL,NULL,NULL,NULL,NULL,NULL,NULL,NULL,NULL,NULL),('NULL',191020045,NULL,NULL,NULL,NULL,'Patel Nazim Ahmed Nisar Ahmad',NULL,NULL,NULL,NULL,NULL,NULL,NULL,NULL,NULL,NULL,NULL,NULL,NULL),('NULL',191020046,NULL,NULL,NULL,NULL,'Patil Chetan Ramesh',NULL,NULL,NULL,NULL,NULL,NULL,NULL,NULL,NULL,NULL,NULL,NULL,NULL),('NULL',191020047,NULL,NULL,NULL,NULL,'Patil Himanshu Sudhakar',NULL,NULL,NULL,NULL,NULL,NULL,NULL,NULL,NULL,NULL,NULL,NULL,NULL),('NULL',191020049,NULL,NULL,NULL,NULL,'Prahlad Amudan',NULL,NULL,NULL,NULL,NULL,NULL,NULL,NULL,NULL,NULL,NULL,NULL,NULL),('NULL',191020050,NULL,NULL,NULL,NULL,'Prathamesh Dnyaneshwar Date',NULL,NULL,NULL,NULL,NULL,NULL,NULL,NULL,NULL,NULL,NULL,NULL,NULL),('NULL',191020053,NULL,NULL,NULL,NULL,'Ratik Mandal',NULL,NULL,NULL,NULL,NULL,NULL,NULL,NULL,NULL,NULL,NULL,NULL,NULL),('NULL',191020055,NULL,NULL,NULL,NULL,'Sabale Rajat Santosh',NULL,NULL,NULL,NULL,NULL,NULL,NULL,NULL,NULL,NULL,NULL,NULL,NULL),('NULL',191020058,NULL,NULL,NULL,NULL,'Sarda Kushal Manoj',NULL,NULL,NULL,NULL,NULL,NULL,NULL,NULL,NULL,NULL,NULL,NULL,NULL),('NULL',191020059,NULL,NULL,NULL,NULL,'Shaikh Yusuf Firoz Ahmed',NULL,NULL,NULL,NULL,NULL,NULL,NULL,NULL,NULL,NULL,NULL,NULL,NULL),('NULL',191020061,NULL,NULL,NULL,NULL,'Shastri Aditya Anil',NULL,NULL,NULL,NULL,NULL,NULL,NULL,NULL,NULL,NULL,NULL,NULL,NULL),('NULL',191020067,NULL,NULL,NULL,NULL,'Soham Kishor Raut',NULL,NULL,NULL,NULL,NULL,NULL,NULL,NULL,NULL,NULL,NULL,NULL,NULL),('NULL',191020068,NULL,NULL,NULL,NULL,'Sonawane Bhagyesh Prashant',NULL,NULL,NULL,NULL,NULL,NULL,NULL,NULL,NULL,NULL,NULL,NULL,NULL),('NULL',191020073,NULL,NULL,NULL,NULL,'Tushar Suresh Ingle',NULL,NULL,NULL,NULL,NULL,NULL,NULL,NULL,NULL,NULL,NULL,NULL,NULL),('NULL',191020075,NULL,NULL,NULL,NULL,'Walekar Mawr Dnyandev',NULL,NULL,NULL,NULL,NULL,NULL,NULL,NULL,NULL,NULL,NULL,NULL,NULL),('NULL',191020080,NULL,NULL,NULL,NULL,'Karangutkar Mohit Sachin',NULL,NULL,NULL,NULL,NULL,NULL,NULL,NULL,NULL,NULL,NULL,NULL,NULL),('NULL',191021003,NULL,NULL,NULL,NULL,'Aditi Dhale',NULL,NULL,NULL,NULL,NULL,NULL,NULL,NULL,NULL,NULL,NULL,NULL,NULL),('NULL',191021004,NULL,NULL,NULL,NULL,'Aggarwal Tamanna Yogesh',NULL,NULL,NULL,NULL,NULL,NULL,NULL,NULL,NULL,NULL,NULL,NULL,NULL),('NULL',191021017,NULL,NULL,NULL,NULL,'Bulbule Neha Dnyaneshwar',NULL,NULL,NULL,NULL,NULL,NULL,NULL,NULL,NULL,NULL,NULL,NULL,NULL),('NULL',191021023,NULL,NULL,NULL,NULL,'Dongarjal Mansi Tarachand',NULL,NULL,NULL,NULL,NULL,NULL,NULL,NULL,NULL,NULL,NULL,NULL,NULL),('NULL',191021032,NULL,NULL,NULL,NULL,'Kulkarni Chinmayee Sadanand',NULL,NULL,NULL,NULL,NULL,NULL,NULL,NULL,NULL,NULL,NULL,NULL,NULL),('NULL',191021043,NULL,NULL,NULL,NULL,'Padwal Srushtee Dattatraya',NULL,NULL,NULL,NULL,NULL,NULL,NULL,NULL,NULL,NULL,NULL,NULL,NULL),('NULL',191021048,NULL,NULL,NULL,NULL,'Patil Jagruti Arun',NULL,NULL,NULL,NULL,NULL,NULL,NULL,NULL,NULL,NULL,NULL,NULL,NULL),('NULL',191021052,NULL,NULL,NULL,NULL,'Ramteke Samiksha Suresh',NULL,NULL,NULL,NULL,NULL,NULL,NULL,NULL,NULL,NULL,NULL,NULL,NULL),('NULL',191021056,NULL,NULL,NULL,NULL,'Sabnis Anushree Bapusaheb',NULL,NULL,NULL,NULL,NULL,NULL,NULL,NULL,NULL,NULL,NULL,NULL,NULL),('NULL',191021066,NULL,NULL,NULL,NULL,'Sini Santosh',NULL,NULL,NULL,NULL,NULL,NULL,NULL,NULL,NULL,NULL,NULL,NULL,NULL),('NULL',191021069,NULL,NULL,NULL,NULL,'Tagalpallewar Sayali Kishorkumar',NULL,NULL,NULL,NULL,NULL,NULL,NULL,NULL,NULL,NULL,NULL,NULL,NULL),('NULL',191021070,NULL,NULL,NULL,NULL,'Tanishka Lankesh Lale',NULL,NULL,NULL,NULL,NULL,NULL,NULL,NULL,NULL,NULL,NULL,NULL,NULL),('NULL',191021074,NULL,NULL,NULL,NULL,'Verma Sadhana Satishchandra',NULL,NULL,NULL,NULL,NULL,NULL,NULL,NULL,NULL,NULL,NULL,NULL,NULL),('NULL',191021077,NULL,NULL,NULL,NULL,'Ghangale Kanchan Ramdas',NULL,NULL,NULL,NULL,NULL,NULL,NULL,NULL,NULL,NULL,NULL,NULL,NULL),('NULL',201020901,NULL,NULL,NULL,NULL,'Londhe Virendra Popat',NULL,NULL,NULL,NULL,NULL,NULL,NULL,NULL,NULL,NULL,NULL,NULL,NULL),('NULL',201020902,NULL,NULL,NULL,NULL,'Mohanty Aditya Chitranjan',NULL,NULL,NULL,NULL,NULL,NULL,NULL,NULL,NULL,NULL,NULL,NULL,NULL),('NULL',201020903,NULL,NULL,NULL,NULL,'Shetty Pawan Ravindranath',NULL,NULL,NULL,NULL,NULL,NULL,NULL,NULL,NULL,NULL,NULL,NULL,NULL),('NULL',201020904,NULL,NULL,NULL,NULL,'Pagare Tejas Vijay',NULL,NULL,NULL,NULL,NULL,NULL,NULL,NULL,NULL,NULL,NULL,NULL,NULL),('NULL',201021906,NULL,NULL,NULL,NULL,'Phalke Shruti Rajendra',NULL,NULL,NULL,NULL,NULL,NULL,NULL,NULL,NULL,NULL,NULL,NULL,NULL),('NULL',201021907,NULL,NULL,NULL,NULL,'Pratiksha Ramesh Waghmare',NULL,NULL,NULL,NULL,NULL,NULL,NULL,NULL,NULL,NULL,NULL,NULL,NULL),('NULL',201021908,NULL,NULL,NULL,NULL,'Shigwan Harshada Chandrakant',NULL,NULL,NULL,NULL,NULL,NULL,NULL,NULL,NULL,NULL,NULL,NULL,NULL),('NULL',191040001,NULL,NULL,NULL,NULL,'Nalegave Suprit Sudhir',NULL,NULL,NULL,NULL,NULL,NULL,NULL,NULL,NULL,NULL,NULL,NULL,NULL),('NULL',191040002,NULL,NULL,NULL,NULL,'Aditya Singh',NULL,NULL,NULL,NULL,NULL,NULL,NULL,NULL,NULL,NULL,NULL,NULL,NULL),('NULL',191040003,NULL,NULL,NULL,NULL,'Advait Atul Mankar',NULL,NULL,NULL,NULL,NULL,NULL,NULL,NULL,NULL,NULL,NULL,NULL,NULL),('NULL',191040004,NULL,NULL,NULL,NULL,'Ambavale Tejas Mansing',NULL,NULL,NULL,NULL,NULL,NULL,NULL,NULL,NULL,NULL,NULL,NULL,NULL),('NULL',191040006,NULL,NULL,NULL,NULL,'Baheti Vaibhav Pandurang',NULL,NULL,NULL,NULL,NULL,NULL,NULL,NULL,NULL,NULL,NULL,NULL,NULL),('NULL',191040007,NULL,NULL,NULL,NULL,'Bhandari Chirag Amar',NULL,NULL,NULL,NULL,NULL,NULL,NULL,NULL,NULL,NULL,NULL,NULL,NULL),('NULL',191040008,NULL,NULL,NULL,NULL,'Bhandari Tejas Pravin',NULL,NULL,NULL,NULL,NULL,NULL,NULL,NULL,NULL,NULL,NULL,NULL,NULL),('NULL',191040009,NULL,NULL,NULL,NULL,'Bhosale Suryajeet Vijaysinh',NULL,NULL,NULL,NULL,NULL,NULL,NULL,NULL,NULL,NULL,NULL,NULL,NULL),('NULL',191040010,NULL,NULL,NULL,NULL,'Boke Prathmesh Harihar',NULL,NULL,NULL,NULL,NULL,NULL,NULL,NULL,NULL,NULL,NULL,NULL,NULL),('NULL',191040017,NULL,NULL,NULL,NULL,'Dhongade Vinayak Tanaji',NULL,NULL,NULL,NULL,NULL,NULL,NULL,NULL,NULL,NULL,NULL,NULL,NULL),('NULL',191040018,NULL,NULL,NULL,NULL,'Dole Piyush Dnyaneshwar',NULL,NULL,NULL,NULL,NULL,NULL,NULL,NULL,NULL,NULL,NULL,NULL,NULL),('NULL',191040020,NULL,NULL,NULL,NULL,'Gedam Harshwardhan Khemdeo',NULL,NULL,NULL,NULL,NULL,NULL,NULL,NULL,NULL,NULL,NULL,NULL,NULL),('NULL',191040022,NULL,NULL,NULL,NULL,'Hattale Pravin Sangappa',NULL,NULL,NULL,NULL,NULL,NULL,NULL,NULL,NULL,NULL,NULL,NULL,NULL),('NULL',191040025,NULL,NULL,NULL,NULL,'Karwal Prasad Bandu',NULL,NULL,NULL,NULL,NULL,NULL,NULL,NULL,NULL,NULL,NULL,NULL,NULL),('NULL',191040026,NULL,NULL,NULL,NULL,'Kedar Anil Sadaphule',NULL,NULL,NULL,NULL,NULL,NULL,NULL,NULL,NULL,NULL,NULL,NULL,NULL),('NULL',191040027,NULL,NULL,NULL,NULL,'Khati Om Vikas',NULL,NULL,NULL,NULL,NULL,NULL,NULL,NULL,NULL,NULL,NULL,NULL,NULL),('NULL',191040028,NULL,NULL,NULL,NULL,'Khedekar Shubham Suryakant',NULL,NULL,NULL,NULL,NULL,NULL,NULL,NULL,NULL,NULL,NULL,NULL,NULL),('NULL',191040029,NULL,NULL,NULL,NULL,'Khelukar Swaroop Chandrakant',NULL,NULL,NULL,NULL,NULL,NULL,NULL,NULL,NULL,NULL,NULL,NULL,NULL),('NULL',191040030,NULL,NULL,NULL,NULL,'Kodrikar Prathmesh Kishor',NULL,NULL,NULL,NULL,NULL,NULL,NULL,NULL,NULL,NULL,NULL,NULL,NULL),('NULL',191040031,NULL,NULL,NULL,NULL,'Kunjir Aditya Rajendra',NULL,NULL,NULL,NULL,NULL,NULL,NULL,NULL,NULL,NULL,NULL,NULL,NULL),('NULL',191040037,NULL,NULL,NULL,NULL,'Naik Tejas Vivek',NULL,NULL,NULL,NULL,NULL,NULL,NULL,NULL,NULL,NULL,NULL,NULL,NULL),('NULL',191040040,NULL,NULL,NULL,NULL,'Niranjan Anil Pagar',NULL,NULL,NULL,NULL,NULL,NULL,NULL,NULL,NULL,NULL,NULL,NULL,NULL),('NULL',191040041,NULL,NULL,NULL,NULL,'Paliwal Shivam Santosh',NULL,NULL,NULL,NULL,NULL,NULL,NULL,NULL,NULL,NULL,NULL,NULL,NULL),('NULL',191040042,NULL,NULL,NULL,NULL,'Pawar Ashish Raviraj',NULL,NULL,NULL,NULL,NULL,NULL,NULL,NULL,NULL,NULL,NULL,NULL,NULL),('NULL',191040044,NULL,NULL,NULL,NULL,'Pawar Rushi Santosh',NULL,NULL,NULL,NULL,NULL,NULL,NULL,NULL,NULL,NULL,NULL,NULL,NULL),('NULL',191040046,NULL,NULL,NULL,NULL,'Pingle Siddhesh Vilas',NULL,NULL,NULL,NULL,NULL,NULL,NULL,NULL,NULL,NULL,NULL,NULL,NULL),('NULL',191040047,NULL,NULL,NULL,NULL,'Popere Varun Krishna',NULL,NULL,NULL,NULL,NULL,NULL,NULL,NULL,NULL,NULL,NULL,NULL,NULL),('NULL',191040050,NULL,NULL,NULL,NULL,'Sarda Bhuvan Rajesh',NULL,NULL,NULL,NULL,NULL,NULL,NULL,NULL,NULL,NULL,NULL,NULL,NULL),('NULL',191040051,NULL,NULL,NULL,NULL,'Sarmalkar Siddhesh Dinkar',NULL,NULL,NULL,NULL,NULL,NULL,NULL,NULL,NULL,NULL,NULL,NULL,NULL),('NULL',191040055,NULL,NULL,NULL,NULL,'Sinkar Vedant Atul',NULL,NULL,NULL,NULL,NULL,NULL,NULL,NULL,NULL,NULL,NULL,NULL,NULL),('NULL',191040056,NULL,NULL,NULL,NULL,'Soham Prakash Chougule',NULL,NULL,NULL,NULL,NULL,NULL,NULL,NULL,NULL,NULL,NULL,NULL,NULL),('NULL',191040058,NULL,NULL,NULL,NULL,'Tiwari Anuo Vinod',NULL,NULL,NULL,NULL,NULL,NULL,NULL,NULL,NULL,NULL,NULL,NULL,NULL),('NULL',191040060,NULL,NULL,NULL,NULL,'Ijgale Ganesh Balu',NULL,NULL,NULL,NULL,NULL,NULL,NULL,NULL,NULL,NULL,NULL,NULL,NULL),('NULL',191040062,NULL,NULL,NULL,NULL,'Vikrant Dash',NULL,NULL,NULL,NULL,NULL,NULL,NULL,NULL,NULL,NULL,NULL,NULL,NULL),('NULL',191040063,NULL,NULL,NULL,NULL,'Wagh Sumeet Sanjay',NULL,NULL,NULL,NULL,NULL,NULL,NULL,NULL,NULL,NULL,NULL,NULL,NULL),('NULL',191040065,NULL,NULL,NULL,NULL,'Hujare Sanket Pandurang',NULL,NULL,NULL,NULL,NULL,NULL,NULL,NULL,NULL,NULL,NULL,NULL,NULL),('NULL',191040067,NULL,NULL,NULL,NULL,'Vartak Aditya Sanjay',NULL,NULL,NULL,NULL,NULL,NULL,NULL,NULL,NULL,NULL,NULL,NULL,NULL),('NULL',191040068,NULL,NULL,NULL,NULL,'Shubham Shravan Aher',NULL,NULL,NULL,NULL,NULL,NULL,NULL,NULL,NULL,NULL,NULL,NULL,NULL),('NULL',191040069,NULL,NULL,NULL,NULL,'Tayade Shubham Balasaheb',NULL,NULL,NULL,NULL,NULL,NULL,NULL,NULL,NULL,NULL,NULL,NULL,NULL),('NULL',191041005,NULL,NULL,NULL,NULL,'Anjali Singh',NULL,NULL,NULL,NULL,NULL,NULL,NULL,NULL,NULL,NULL,NULL,NULL,NULL),('NULL',191041011,NULL,NULL,NULL,NULL,'Chapke Samruddhi Suhas',NULL,NULL,NULL,NULL,NULL,NULL,NULL,NULL,NULL,NULL,NULL,NULL,NULL),('NULL',191041012,NULL,NULL,NULL,NULL,'Chaudhari Rutuja Shiva',NULL,NULL,NULL,NULL,NULL,NULL,NULL,NULL,NULL,NULL,NULL,NULL,NULL),('NULL',191041014,NULL,NULL,NULL,NULL,'Choudhari Vaishnavi Satish',NULL,NULL,NULL,NULL,NULL,NULL,NULL,NULL,NULL,NULL,NULL,NULL,NULL),('NULL',191041015,NULL,NULL,NULL,NULL,'Choudhary Ayushi Vilas',NULL,NULL,NULL,NULL,NULL,NULL,NULL,NULL,NULL,NULL,NULL,NULL,NULL),('NULL',191041016,NULL,NULL,NULL,NULL,'Dhargawe Vrushali Ravindra',NULL,NULL,NULL,NULL,NULL,NULL,NULL,NULL,NULL,NULL,NULL,NULL,NULL),('NULL',191041019,NULL,NULL,NULL,NULL,'Gargi C Sadavarte',NULL,NULL,NULL,NULL,NULL,NULL,NULL,NULL,NULL,NULL,NULL,NULL,NULL),('NULL',191041023,NULL,NULL,NULL,NULL,'Incle Mudita Devendra',NULL,NULL,NULL,NULL,NULL,NULL,NULL,NULL,NULL,NULL,NULL,NULL,NULL),('NULL',191041038,NULL,NULL,NULL,NULL,'Nankar Nikita Ravindra',NULL,NULL,NULL,NULL,NULL,NULL,NULL,NULL,NULL,NULL,NULL,NULL,NULL),('NULL',191041043,NULL,NULL,NULL,NULL,'Pawar Isha Nilesh',NULL,NULL,NULL,NULL,NULL,NULL,NULL,NULL,NULL,NULL,NULL,NULL,NULL),('NULL',191041049,NULL,NULL,NULL,NULL,'Sanap Prajakta Sandip',NULL,NULL,NULL,NULL,NULL,NULL,NULL,NULL,NULL,NULL,NULL,NULL,NULL),('NULL',191041052,NULL,NULL,NULL,NULL,'Sathe Surya Vivek',NULL,NULL,NULL,NULL,NULL,NULL,NULL,NULL,NULL,NULL,NULL,NULL,NULL),('NULL',191041054,NULL,NULL,NULL,NULL,'Shingne Vaishnavi Arun',NULL,NULL,NULL,NULL,NULL,NULL,NULL,NULL,NULL,NULL,NULL,NULL,NULL),('NULL',191050004,NULL,NULL,NULL,NULL,'Ajinkya A Dudhat',NULL,NULL,NULL,NULL,NULL,NULL,NULL,NULL,NULL,NULL,NULL,NULL,NULL),('NULL',201040902,NULL,NULL,NULL,NULL,'Hemant Prakashrao Barde',NULL,NULL,NULL,NULL,NULL,NULL,NULL,NULL,NULL,NULL,NULL,NULL,NULL),('NULL',201040903,NULL,NULL,NULL,NULL,'Govind Gangadhar Tidke',NULL,NULL,NULL,NULL,NULL,NULL,NULL,NULL,NULL,NULL,NULL,NULL,NULL),('NULL',201040904,NULL,NULL,NULL,NULL,'Lohar Akash Ram',NULL,NULL,NULL,NULL,NULL,NULL,NULL,NULL,NULL,NULL,NULL,NULL,NULL),('NULL',201040905,NULL,NULL,NULL,NULL,'Suraj Sanjay Patil',NULL,NULL,NULL,NULL,NULL,NULL,NULL,NULL,NULL,NULL,NULL,NULL,NULL),('NULL',201040906,NULL,NULL,NULL,NULL,'Sapte Swapnil Mahadev',NULL,NULL,NULL,NULL,NULL,NULL,NULL,NULL,NULL,NULL,NULL,NULL,NULL),('NULL',201040907,NULL,NULL,NULL,NULL,'Chaitanya Rajendra Jawale',NULL,NULL,NULL,NULL,NULL,NULL,NULL,NULL,NULL,NULL,NULL,NULL,NULL),('NULL',201040908,NULL,NULL,NULL,NULL,'Patel Shubham Sureshbhai',NULL,NULL,NULL,NULL,NULL,NULL,NULL,NULL,NULL,NULL,NULL,NULL,NULL),('NULL',191050002,NULL,NULL,NULL,NULL,'Aditya Mahendran',NULL,NULL,NULL,NULL,NULL,NULL,NULL,NULL,NULL,NULL,NULL,NULL,NULL),('NULL',191050008,NULL,NULL,NULL,NULL,'Awatade Dhanraj Ramji',NULL,NULL,NULL,NULL,NULL,NULL,NULL,NULL,NULL,NULL,NULL,NULL,NULL),('NULL',191050010,NULL,NULL,NULL,NULL,'Bharuka Prathmesh Anil',NULL,NULL,NULL,NULL,NULL,NULL,NULL,NULL,NULL,NULL,NULL,NULL,NULL),('NULL',191050012,NULL,NULL,NULL,NULL,'Dudhamal Arahata Arun',NULL,NULL,NULL,NULL,NULL,NULL,NULL,NULL,NULL,NULL,NULL,NULL,NULL),('NULL',191050013,NULL,NULL,NULL,NULL,'Gaikwad Nisargraj Khandu',NULL,NULL,NULL,NULL,NULL,NULL,NULL,NULL,NULL,NULL,NULL,NULL,NULL),('NULL',191050021,NULL,NULL,NULL,NULL,'Katarnaware Vipul Bhaskar',NULL,NULL,NULL,NULL,NULL,NULL,NULL,NULL,NULL,NULL,NULL,NULL,NULL),('NULL',191050027,NULL,NULL,NULL,NULL,'Palkurtiwar Kartik Muttayya',NULL,NULL,NULL,NULL,NULL,NULL,NULL,NULL,NULL,NULL,NULL,NULL,NULL),('NULL',191050029,NULL,NULL,NULL,NULL,'Piyush Muley',NULL,NULL,NULL,NULL,NULL,NULL,NULL,NULL,NULL,NULL,NULL,NULL,NULL),('NULL',191050030,NULL,NULL,NULL,NULL,'Pranay Gajanan Dighore',NULL,NULL,NULL,NULL,NULL,NULL,NULL,NULL,NULL,NULL,NULL,NULL,NULL),('NULL',191050033,NULL,NULL,NULL,NULL,'Sahil Ramesh Dalvi',NULL,NULL,NULL,NULL,NULL,NULL,NULL,NULL,NULL,NULL,NULL,NULL,NULL),('NULL',191050041,NULL,NULL,NULL,NULL,'Singh Himanshu Jyotibhushan',NULL,NULL,NULL,NULL,NULL,NULL,NULL,NULL,NULL,NULL,NULL,NULL,NULL),('NULL',191050043,NULL,NULL,NULL,NULL,'Suryawanshi Saurabh Manikrao',NULL,NULL,NULL,NULL,NULL,NULL,NULL,NULL,NULL,NULL,NULL,NULL,NULL),('NULL',191050044,NULL,NULL,NULL,NULL,'Tiwari Satyansh Satyaprakash',NULL,NULL,NULL,NULL,NULL,NULL,NULL,NULL,NULL,NULL,NULL,NULL,NULL),('NULL',191050047,NULL,NULL,NULL,NULL,'Visave Yash Vinayak',NULL,NULL,NULL,NULL,NULL,NULL,NULL,NULL,NULL,NULL,NULL,NULL,NULL),('NULL',191050050,NULL,NULL,NULL,NULL,'Vyawahare Rushikesh Ganesh',NULL,NULL,NULL,NULL,NULL,NULL,NULL,NULL,NULL,NULL,NULL,NULL,NULL),('NULL',191050053,NULL,NULL,NULL,NULL,'Choudham Shripad Prashantrao',NULL,NULL,NULL,NULL,NULL,NULL,NULL,NULL,NULL,NULL,NULL,NULL,NULL),('NULL',191050054,NULL,NULL,NULL,NULL,'Dipak Shahurai Pawar',NULL,NULL,NULL,NULL,NULL,NULL,NULL,NULL,NULL,NULL,NULL,NULL,NULL),('NULL',191050061,NULL,NULL,NULL,NULL,'Patil Pavan Santosh',NULL,NULL,NULL,NULL,NULL,NULL,NULL,NULL,NULL,NULL,NULL,NULL,NULL),('NULL',191050066,NULL,NULL,NULL,NULL,'Temkar Sumit Avinash',NULL,NULL,NULL,NULL,NULL,NULL,NULL,NULL,NULL,NULL,NULL,NULL,NULL),('NULL',191050067,NULL,NULL,NULL,NULL,'Thakur Sushrut Avinash',NULL,NULL,NULL,NULL,NULL,NULL,NULL,NULL,NULL,NULL,NULL,NULL,NULL),('NULL',191051009,NULL,NULL,NULL,NULL,'Bhagat Hrituja Pramod',NULL,NULL,NULL,NULL,NULL,NULL,NULL,NULL,NULL,NULL,NULL,NULL,NULL),('NULL',191051011,NULL,NULL,NULL,NULL,'Divija Jha',NULL,NULL,NULL,NULL,NULL,NULL,NULL,NULL,NULL,NULL,NULL,NULL,NULL),('NULL',191051034,NULL,NULL,NULL,NULL,'Sakshi Subhash Junghare',NULL,NULL,NULL,NULL,NULL,NULL,NULL,NULL,NULL,NULL,NULL,NULL,NULL),('NULL',191051035,NULL,NULL,NULL,NULL,'Salve Lenyadri Tulshiram',NULL,NULL,NULL,NULL,NULL,NULL,NULL,NULL,NULL,NULL,NULL,NULL,NULL),('NULL',191051042,NULL,NULL,NULL,NULL,'Singh Manashvi Manoj',NULL,NULL,NULL,NULL,NULL,NULL,NULL,NULL,NULL,NULL,NULL,NULL,NULL),('NULL',191051048,NULL,NULL,NULL,NULL,'Wakkalkar Vaishnavi Khushal',NULL,NULL,NULL,NULL,NULL,NULL,NULL,NULL,NULL,NULL,NULL,NULL,NULL),('NULL',191051065,NULL,NULL,NULL,NULL,'Teal Bedmutha',NULL,NULL,NULL,NULL,NULL,NULL,NULL,NULL,NULL,NULL,NULL,NULL,NULL),('NULL',191050903,NULL,NULL,NULL,NULL,'Patil Rohit Panourang',NULL,NULL,NULL,NULL,NULL,NULL,NULL,NULL,NULL,NULL,NULL,NULL,NULL),('NULL',201050908,NULL,NULL,NULL,NULL,'Mohit Mukesh Mahindrakar',NULL,NULL,NULL,NULL,NULL,NULL,NULL,NULL,NULL,NULL,NULL,NULL,NULL),('NULL',201050909,NULL,NULL,NULL,NULL,'Atharva Anil Bagade',NULL,NULL,NULL,NULL,NULL,NULL,NULL,NULL,NULL,NULL,NULL,NULL,NULL),('NULL',201051901,NULL,NULL,NULL,NULL,'Yashashree Pandit Ingle',NULL,NULL,NULL,NULL,NULL,NULL,NULL,NULL,NULL,NULL,NULL,NULL,NULL),('NULL',201051902,NULL,NULL,NULL,NULL,'Gaikwad Jyoti Ramesh',NULL,NULL,NULL,NULL,NULL,NULL,NULL,NULL,NULL,NULL,NULL,NULL,NULL),('NULL',201051906,NULL,NULL,NULL,NULL,'Kharche Shreya Nilkanth',NULL,NULL,NULL,NULL,NULL,NULL,NULL,NULL,NULL,NULL,NULL,NULL,NULL),('NULL',212020003,NULL,NULL,NULL,NULL,'Jadhav Akash Ravindra',NULL,NULL,NULL,NULL,NULL,NULL,NULL,NULL,NULL,NULL,NULL,NULL,NULL),('NULL',212020006,NULL,NULL,NULL,NULL,'Ahire Rajendra Laxman',NULL,NULL,NULL,NULL,NULL,NULL,NULL,NULL,NULL,NULL,NULL,NULL,NULL),('NULL',212020009,NULL,NULL,NULL,NULL,'Sanyojak Sukhdev Kamble',NULL,NULL,NULL,NULL,NULL,NULL,NULL,NULL,NULL,NULL,NULL,NULL,NULL),('NULL',212020014,NULL,NULL,NULL,NULL,'Dhokale Balaji Dadasaheb',NULL,NULL,NULL,NULL,NULL,NULL,NULL,NULL,NULL,NULL,NULL,NULL,NULL),('NULL',212020015,NULL,NULL,NULL,NULL,'Kamat Kiran Raj',NULL,NULL,NULL,NULL,NULL,NULL,NULL,NULL,NULL,NULL,NULL,NULL,NULL),('NULL',212021001,NULL,NULL,NULL,NULL,'Chaudhary Alisha Chetankumar',NULL,NULL,NULL,NULL,NULL,NULL,NULL,NULL,NULL,NULL,NULL,NULL,NULL),('NULL',212021002,NULL,NULL,NULL,NULL,'Vibha Vijaychand Jain',NULL,NULL,NULL,NULL,NULL,NULL,NULL,NULL,NULL,NULL,NULL,NULL,NULL),('NULL',212021004,NULL,NULL,NULL,NULL,'Dongre Varsha Shivaji',NULL,NULL,NULL,NULL,NULL,NULL,NULL,NULL,NULL,NULL,NULL,NULL,NULL),('NULL',212021005,NULL,NULL,NULL,NULL,'Dube Shraddha Laxmishankar',NULL,NULL,NULL,NULL,NULL,NULL,NULL,NULL,NULL,NULL,NULL,NULL,NULL),('NULL',212021008,NULL,NULL,NULL,NULL,'Palekar Areej Liyaqat',NULL,NULL,NULL,NULL,NULL,NULL,NULL,NULL,NULL,NULL,NULL,NULL,NULL),('NULL',212021010,NULL,NULL,NULL,NULL,'Neha Umesh Gosavi',NULL,NULL,NULL,NULL,NULL,NULL,NULL,NULL,NULL,NULL,NULL,NULL,NULL),('NULL',212021011,NULL,NULL,NULL,NULL,'Sonya Devanand Meshram',NULL,NULL,NULL,NULL,NULL,NULL,NULL,NULL,NULL,NULL,NULL,NULL,NULL),('NULL',212021012,NULL,NULL,NULL,NULL,'Snehal Deelip Patil',NULL,NULL,NULL,NULL,NULL,NULL,NULL,NULL,NULL,NULL,NULL,NULL,NULL),('NULL',212030001,NULL,NULL,NULL,NULL,'Waghmare Saurabh Santosh',NULL,NULL,NULL,NULL,NULL,NULL,NULL,NULL,NULL,NULL,NULL,NULL,NULL),('NULL',212030004,NULL,NULL,NULL,NULL,'Vanjari Archit Shivkumar',NULL,NULL,NULL,NULL,NULL,NULL,NULL,NULL,NULL,NULL,NULL,NULL,NULL),('NULL',212030005,NULL,NULL,NULL,NULL,'Mulik Yogesh Dilp',NULL,NULL,NULL,NULL,NULL,NULL,NULL,NULL,NULL,NULL,NULL,NULL,NULL),('NULL',212030009,NULL,NULL,NULL,NULL,'Trilok Parmanand Bairagi',NULL,NULL,NULL,NULL,NULL,NULL,NULL,NULL,NULL,NULL,NULL,NULL,NULL),('NULL',212030011,NULL,NULL,NULL,NULL,'Lalit Ramesh Jiremali',NULL,NULL,NULL,NULL,NULL,NULL,NULL,NULL,NULL,NULL,NULL,NULL,NULL),('NULL',212030017,NULL,NULL,NULL,NULL,'Pasi Vijay Rajendra',NULL,NULL,NULL,NULL,NULL,NULL,NULL,NULL,NULL,NULL,NULL,NULL,NULL),('NULL',212030018,NULL,NULL,NULL,NULL,'Jirge Dhaval Deepak',NULL,NULL,NULL,NULL,NULL,NULL,NULL,NULL,NULL,NULL,NULL,NULL,NULL),('NULL',212031012,NULL,NULL,NULL,NULL,'Rajeshree Sharad Mene',NULL,NULL,NULL,NULL,NULL,NULL,NULL,NULL,NULL,NULL,NULL,NULL,NULL),('NULL',212031016,NULL,NULL,NULL,NULL,'Tembhurnikar Prachi Prakash',NULL,NULL,NULL,NULL,NULL,NULL,NULL,NULL,NULL,NULL,NULL,NULL,NULL),('NULL',212040002,NULL,NULL,NULL,NULL,'Dahale Rushikesh Ramesh',NULL,NULL,NULL,NULL,NULL,NULL,NULL,NULL,NULL,NULL,NULL,NULL,NULL),('NULL',212040003,NULL,NULL,NULL,NULL,'Dhande Sohan Ravindra',NULL,NULL,NULL,NULL,NULL,NULL,NULL,NULL,NULL,NULL,NULL,NULL,NULL),('NULL',212040005,NULL,NULL,NULL,NULL,'Thim Abdul Rehman Abdul Khalid',NULL,NULL,NULL,NULL,NULL,NULL,NULL,NULL,NULL,NULL,NULL,NULL,NULL),('NULL',212040007,NULL,NULL,NULL,NULL,'Pathan Aslam Balesab',NULL,NULL,NULL,NULL,NULL,NULL,NULL,NULL,NULL,NULL,NULL,NULL,NULL),('NULL',212040009,NULL,NULL,NULL,NULL,'Vaibhav Ramesh Ambekar',NULL,NULL,NULL,NULL,NULL,NULL,NULL,NULL,NULL,NULL,NULL,NULL,NULL),('NULL',212040010,NULL,NULL,NULL,NULL,'Telang Sachin Ramkisan',NULL,NULL,NULL,NULL,NULL,NULL,NULL,NULL,NULL,NULL,NULL,NULL,NULL),('NULL',212040011,NULL,NULL,NULL,NULL,'Nakum Milan Savji',NULL,NULL,NULL,NULL,NULL,NULL,NULL,NULL,NULL,NULL,NULL,NULL,NULL),('NULL',212040013,NULL,NULL,NULL,NULL,'Patil Swaroop Sudhir',NULL,NULL,NULL,NULL,NULL,NULL,NULL,NULL,NULL,NULL,NULL,NULL,NULL),('NULL',212040016,NULL,NULL,NULL,NULL,'Akshay Dinkar Kasar',NULL,NULL,NULL,NULL,NULL,NULL,NULL,NULL,NULL,NULL,NULL,NULL,NULL),('NULL',212040020,NULL,NULL,NULL,NULL,'Gohil Paras Dineshbhai',NULL,NULL,NULL,NULL,NULL,NULL,NULL,NULL,NULL,NULL,NULL,NULL,NULL),('NULL',212040026,NULL,NULL,NULL,NULL,'Salgar Prathmesh Abaso',NULL,NULL,NULL,NULL,NULL,NULL,NULL,NULL,NULL,NULL,NULL,NULL,NULL),('NULL',212041012,NULL,NULL,NULL,NULL,'Ankita Vasudev Patharwat',NULL,NULL,NULL,NULL,NULL,NULL,NULL,NULL,NULL,NULL,NULL,NULL,NULL),('NULL',212041015,NULL,NULL,NULL,NULL,'Panchal Komal Hemant',NULL,NULL,NULL,NULL,NULL,NULL,NULL,NULL,NULL,NULL,NULL,NULL,NULL),('NULL',212041017,NULL,NULL,NULL,NULL,'Shubhada Shivaji Patil',NULL,NULL,NULL,NULL,NULL,NULL,NULL,NULL,NULL,NULL,NULL,NULL,NULL),('NULL',212041019,NULL,NULL,NULL,NULL,'Manasi Sunil Raundal',NULL,NULL,NULL,NULL,NULL,NULL,NULL,NULL,NULL,NULL,NULL,NULL,NULL),('NULL',212041021,NULL,NULL,NULL,NULL,'Kadam Gauri Prakash',NULL,NULL,NULL,NULL,NULL,NULL,NULL,NULL,NULL,NULL,NULL,NULL,NULL),('NULL',212041022,NULL,NULL,NULL,NULL,'Harshali Sharad Suryawanshi',NULL,NULL,NULL,NULL,NULL,NULL,NULL,NULL,NULL,NULL,NULL,NULL,NULL),('NULL',212041023,NULL,NULL,NULL,NULL,'Sneha Pandurang Bhagat',NULL,NULL,NULL,NULL,NULL,NULL,NULL,NULL,NULL,NULL,NULL,NULL,NULL),('NULL',212041025,NULL,NULL,NULL,NULL,'Momin Shahzin Sharif',NULL,NULL,NULL,NULL,NULL,NULL,NULL,NULL,NULL,NULL,NULL,NULL,NULL),('NULL',212090002,NULL,NULL,NULL,NULL,'Niraj Sanjay Gharte',NULL,NULL,NULL,NULL,NULL,NULL,NULL,NULL,NULL,NULL,NULL,NULL,NULL),('NULL',212090003,NULL,NULL,NULL,NULL,'Jadhav Vaibhav Santosh',NULL,NULL,NULL,NULL,NULL,NULL,NULL,NULL,NULL,NULL,NULL,NULL,NULL),('NULL',212090005,NULL,NULL,NULL,NULL,'Nachiket Jayant Deshmukh',NULL,NULL,NULL,NULL,NULL,NULL,NULL,NULL,NULL,NULL,NULL,NULL,NULL),('NULL',212090007,NULL,NULL,NULL,NULL,'Guldagad Manohar Gopal',NULL,NULL,NULL,NULL,NULL,NULL,NULL,NULL,NULL,NULL,NULL,NULL,NULL),('NULL',212090011,NULL,NULL,NULL,NULL,'Pande Ashutosh Shashank',NULL,NULL,NULL,NULL,NULL,NULL,NULL,NULL,NULL,NULL,NULL,NULL,NULL),('NULL',212090012,NULL,NULL,NULL,NULL,'Salman Adnan Siddiqui',NULL,NULL,NULL,NULL,NULL,NULL,NULL,NULL,NULL,NULL,NULL,NULL,NULL),('NULL',212090016,NULL,NULL,NULL,NULL,'Mhatre Ninad Narendra',NULL,NULL,NULL,NULL,NULL,NULL,NULL,NULL,NULL,NULL,NULL,NULL,NULL),('NULL',212091014,NULL,NULL,NULL,NULL,'Bhakti Bhimaji Gurav',NULL,NULL,NULL,NULL,NULL,NULL,NULL,NULL,NULL,NULL,NULL,NULL,NULL),('NULL',212100002,NULL,NULL,NULL,NULL,'Firake Akhil Liladhar',NULL,NULL,NULL,NULL,NULL,NULL,NULL,NULL,NULL,NULL,NULL,NULL,NULL),('NULL',212110001,NULL,NULL,NULL,NULL,'Varun Muthuswamy Thevar',NULL,NULL,NULL,NULL,NULL,NULL,NULL,NULL,NULL,NULL,NULL,NULL,NULL),('NULL',212110003,NULL,NULL,NULL,NULL,'Chalke Pranay Abhay',NULL,NULL,NULL,NULL,NULL,NULL,NULL,NULL,NULL,NULL,NULL,NULL,NULL),('NULL',212110005,NULL,NULL,NULL,NULL,'Shaikh Zubair Mohammed Tarique',NULL,NULL,NULL,NULL,NULL,NULL,NULL,NULL,NULL,NULL,NULL,NULL,NULL),('NULL',212180003,NULL,NULL,NULL,NULL,'Shelar Harshal Manohar',NULL,NULL,NULL,NULL,NULL,NULL,NULL,NULL,NULL,NULL,NULL,NULL,NULL),('NULL',212180006,NULL,NULL,NULL,NULL,'Umale Harshal Vijay',NULL,NULL,NULL,NULL,NULL,NULL,NULL,NULL,NULL,NULL,NULL,NULL,NULL),('NULL',212060002,NULL,NULL,NULL,NULL,'Shelake Swapnil Govind',NULL,NULL,NULL,NULL,NULL,NULL,NULL,NULL,NULL,NULL,NULL,NULL,NULL),('NULL',212060003,NULL,NULL,NULL,NULL,'Sonwadekar Punit Bhupendra',NULL,NULL,NULL,NULL,NULL,NULL,NULL,NULL,NULL,NULL,NULL,NULL,NULL),('NULL',212060005,NULL,NULL,NULL,NULL,'Kondavathini Rishikesh Govardhan',NULL,NULL,NULL,NULL,NULL,NULL,NULL,NULL,NULL,NULL,NULL,NULL,NULL),('NULL',212060008,NULL,NULL,NULL,NULL,'Sachin Kalas Wagh',NULL,NULL,NULL,NULL,NULL,NULL,NULL,NULL,NULL,NULL,NULL,NULL,NULL),('NULL',212060013,NULL,NULL,NULL,NULL,'Mohd Yaqub Ashraf Shaikh',NULL,NULL,NULL,NULL,NULL,NULL,NULL,NULL,NULL,NULL,NULL,NULL,NULL),('NULL',212060016,NULL,NULL,NULL,NULL,'Ansari Mahedin Husain Maqbool Husain',NULL,NULL,NULL,NULL,NULL,NULL,NULL,NULL,NULL,NULL,NULL,NULL,NULL),('NULL',212060018,NULL,NULL,NULL,NULL,'Jadhav Amol Sahebrao',NULL,NULL,NULL,NULL,NULL,NULL,NULL,NULL,NULL,NULL,NULL,NULL,NULL),('NULL',212061006,NULL,NULL,NULL,NULL,'Kamble Prachi Karunashil',NULL,NULL,NULL,NULL,NULL,NULL,NULL,NULL,NULL,NULL,NULL,NULL,NULL),('NULL',212061007,NULL,NULL,NULL,NULL,'Roshani Suresh Dabherao',NULL,NULL,NULL,NULL,NULL,NULL,NULL,NULL,NULL,NULL,NULL,NULL,NULL),('NULL',212061010,NULL,NULL,NULL,NULL,'Tejaswini Girish Dhumale',NULL,NULL,NULL,NULL,NULL,NULL,NULL,NULL,NULL,NULL,NULL,NULL,NULL),('NULL',212061011,NULL,NULL,NULL,NULL,'Jawalgekar Shruti Ashok',NULL,NULL,NULL,NULL,NULL,NULL,NULL,NULL,NULL,NULL,NULL,NULL,NULL),('NULL',212061012,NULL,NULL,NULL,NULL,'Nakate Prajakta Prakash',NULL,NULL,NULL,NULL,NULL,NULL,NULL,NULL,NULL,NULL,NULL,NULL,NULL),('NULL',212061015,NULL,NULL,NULL,NULL,'Girbide Snehal Milind',NULL,NULL,NULL,NULL,NULL,NULL,NULL,NULL,NULL,NULL,NULL,NULL,NULL),('NULL',212061017,NULL,NULL,NULL,NULL,'Bhurawalla Devangee Suresh',NULL,NULL,NULL,NULL,NULL,NULL,NULL,NULL,NULL,NULL,NULL,NULL,NULL),('NULL',212070003,NULL,NULL,NULL,NULL,'Lokhande Shreyas Dattaram',NULL,NULL,NULL,NULL,NULL,NULL,NULL,NULL,NULL,NULL,NULL,NULL,NULL),('NULL',202081001,NULL,NULL,NULL,NULL,'Gaikwad Utkarsha Shivaji',NULL,NULL,NULL,NULL,NULL,NULL,NULL,NULL,NULL,NULL,NULL,NULL,NULL),('NULL',212150001,NULL,NULL,NULL,NULL,'Bhanage Aditya Bhalchandra',NULL,NULL,NULL,NULL,NULL,NULL,NULL,NULL,NULL,NULL,NULL,NULL,NULL),('NULL',212150002,NULL,NULL,NULL,NULL,'Raut Kalpit Dattatray',NULL,NULL,NULL,NULL,NULL,NULL,NULL,NULL,NULL,NULL,NULL,NULL,NULL),('NULL',212150003,NULL,NULL,NULL,NULL,'Gaikwad Harshad Gunwant',NULL,NULL,NULL,NULL,NULL,NULL,NULL,NULL,NULL,NULL,NULL,NULL,NULL),('NULL',212150006,NULL,NULL,NULL,NULL,'Nagare Sunil Padmakar',NULL,NULL,NULL,NULL,NULL,NULL,NULL,NULL,NULL,NULL,NULL,NULL,NULL),('NULL',212150009,NULL,NULL,NULL,NULL,'Shravan Shivpal Singh',NULL,NULL,NULL,NULL,NULL,NULL,NULL,NULL,NULL,NULL,NULL,NULL,NULL),('NULL',212150011,NULL,NULL,NULL,NULL,'Wagh Pritish Vinayak',NULL,NULL,NULL,NULL,NULL,NULL,NULL,NULL,NULL,NULL,NULL,NULL,NULL),('NULL',212150014,NULL,NULL,NULL,NULL,'Upadhyaya Anand',NULL,NULL,NULL,NULL,NULL,NULL,NULL,NULL,NULL,NULL,NULL,NULL,NULL),('NULL',212150015,NULL,NULL,NULL,NULL,'Sonone Gawrish Rajabhau',NULL,NULL,NULL,NULL,NULL,NULL,NULL,NULL,NULL,NULL,NULL,NULL,NULL),('NULL',212151004,NULL,NULL,NULL,NULL,'Kadambari Devdhar Jadhav',NULL,NULL,NULL,NULL,NULL,NULL,NULL,NULL,NULL,NULL,NULL,NULL,NULL),('NULL',212151005,NULL,NULL,NULL,NULL,'Bera Priti Dilip',NULL,NULL,NULL,NULL,NULL,NULL,NULL,NULL,NULL,NULL,NULL,NULL,NULL),('NULL',212151008,NULL,NULL,NULL,NULL,'Dhopavkar Ruhi Rajesh',NULL,NULL,NULL,NULL,NULL,NULL,NULL,NULL,NULL,NULL,NULL,NULL,NULL),('NULL',212151012,NULL,NULL,NULL,NULL,'Upadhyay Amoli Ashish',NULL,NULL,NULL,NULL,NULL,NULL,NULL,NULL,NULL,NULL,NULL,NULL,NULL),('NULL',212151013,NULL,NULL,NULL,NULL,'Chavle Pranjal Lalit',NULL,NULL,NULL,NULL,NULL,NULL,NULL,NULL,NULL,NULL,NULL,NULL,NULL),('NULL',212050003,NULL,NULL,NULL,NULL,'Kshatriya Harsh Hitesh',NULL,NULL,NULL,NULL,NULL,NULL,NULL,NULL,NULL,NULL,NULL,NULL,NULL),('NULL',212050008,NULL,NULL,NULL,NULL,'Sayed Mohammed Amin',NULL,NULL,NULL,NULL,NULL,NULL,NULL,NULL,NULL,NULL,NULL,NULL,NULL),('NULL',212050011,NULL,NULL,NULL,NULL,'Nikhil Lai-Krishna Tiwari',NULL,NULL,NULL,NULL,NULL,NULL,NULL,NULL,NULL,NULL,NULL,NULL,NULL),('NULL',212050015,NULL,NULL,NULL,NULL,'Alva Shashank Shankar',NULL,NULL,NULL,NULL,NULL,NULL,NULL,NULL,NULL,NULL,NULL,NULL,NULL),('NULL',212050018,NULL,NULL,NULL,NULL,'Sawant Nimish Sharad',NULL,NULL,NULL,NULL,NULL,NULL,NULL,NULL,NULL,NULL,NULL,NULL,NULL),('NULL',212050019,NULL,NULL,NULL,NULL,'Vaity Shubham Ashay',NULL,NULL,NULL,NULL,NULL,NULL,NULL,NULL,NULL,NULL,NULL,NULL,NULL),('NULL',212050020,NULL,NULL,NULL,NULL,'Aman Kumar Manjul Prasad',NULL,NULL,NULL,NULL,NULL,NULL,NULL,NULL,NULL,NULL,NULL,NULL,NULL),('NULL',212050021,NULL,NULL,NULL,NULL,'Shaky-i Arif Farooq',NULL,NULL,NULL,NULL,NULL,NULL,NULL,NULL,NULL,NULL,NULL,NULL,NULL),('NULL',212050022,NULL,NULL,NULL,NULL,'More Amey Sopan',NULL,NULL,NULL,NULL,NULL,NULL,NULL,NULL,NULL,NULL,NULL,NULL,NULL),('NULL',212050025,NULL,NULL,NULL,NULL,'Deepak Umesh Dhiver',NULL,NULL,NULL,NULL,NULL,NULL,NULL,NULL,NULL,NULL,NULL,NULL,NULL),('NULL',212051002,NULL,NULL,NULL,NULL,'Soni Madhavi Virendra',NULL,NULL,NULL,NULL,NULL,NULL,NULL,NULL,NULL,NULL,NULL,NULL,NULL),('NULL',212051004,NULL,NULL,NULL,NULL,'Harshita Harishchandra Bayeti',NULL,NULL,NULL,NULL,NULL,NULL,NULL,NULL,NULL,NULL,NULL,NULL,NULL),('NULL',212051005,NULL,NULL,NULL,NULL,'Vemula Megha Rajeshwar',NULL,NULL,NULL,NULL,NULL,NULL,NULL,NULL,NULL,NULL,NULL,NULL,NULL),('NULL',212051007,NULL,NULL,NULL,NULL,'Khobragade Abhidnya Shyam',NULL,NULL,NULL,NULL,NULL,NULL,NULL,NULL,NULL,NULL,NULL,NULL,NULL),('NULL',212051009,NULL,NULL,NULL,NULL,'Jain Happy Dilip',NULL,NULL,NULL,NULL,NULL,NULL,NULL,NULL,NULL,NULL,NULL,NULL,NULL),('NULL',212051010,NULL,NULL,NULL,NULL,'Pawaskar Ismail Mushtaque',NULL,NULL,NULL,NULL,NULL,NULL,NULL,NULL,NULL,NULL,NULL,NULL,NULL),('NULL',212051012,NULL,NULL,NULL,NULL,'Mishra Rajeshwari Rajendra Kumar',NULL,NULL,NULL,NULL,NULL,NULL,NULL,NULL,NULL,NULL,NULL,NULL,NULL),('NULL',212051013,NULL,NULL,NULL,NULL,'Upadhyay Apurva Manoj',NULL,NULL,NULL,NULL,NULL,NULL,NULL,NULL,NULL,NULL,NULL,NULL,NULL),('NULL',212051014,NULL,NULL,NULL,NULL,'Jadhav Snehal Mahendra',NULL,NULL,NULL,NULL,NULL,NULL,NULL,NULL,NULL,NULL,NULL,NULL,NULL),('NULL',212051016,NULL,NULL,NULL,NULL,'Anupama Subramanian',NULL,NULL,NULL,NULL,NULL,NULL,NULL,NULL,NULL,NULL,NULL,NULL,NULL),('NULL',212051017,NULL,NULL,NULL,NULL,'Tarale Rutuja Prakash',NULL,NULL,NULL,NULL,NULL,NULL,NULL,NULL,NULL,NULL,NULL,NULL,NULL),('NULL',212051023,NULL,NULL,NULL,NULL,'Chhatlani Megha Dilip',NULL,NULL,NULL,NULL,NULL,NULL,NULL,NULL,NULL,NULL,NULL,NULL,NULL),('NULL',212191001,NULL,NULL,NULL,NULL,'Shaikh Sadiya Tufail Ahmed',NULL,NULL,NULL,NULL,NULL,NULL,NULL,NULL,NULL,NULL,NULL,NULL,NULL),('NULL',212191004,NULL,NULL,NULL,NULL,'Pande Sneha Narendra',NULL,NULL,NULL,NULL,NULL,NULL,NULL,NULL,NULL,NULL,NULL,NULL,NULL),('NULL',212131002,NULL,NULL,NULL,NULL,'Monika Balkrishna Ingle',NULL,NULL,NULL,NULL,NULL,NULL,NULL,NULL,NULL,NULL,NULL,NULL,NULL),('NULL',212010002,NULL,NULL,NULL,NULL,'Saurabh Bhagwan Yadav',NULL,NULL,NULL,NULL,NULL,NULL,NULL,NULL,NULL,NULL,NULL,NULL,NULL),('NULL',212010003,NULL,NULL,NULL,NULL,'Senghani Khushal Vishanji',NULL,NULL,NULL,NULL,NULL,NULL,NULL,NULL,NULL,NULL,NULL,NULL,NULL),('NULL',212010006,NULL,NULL,NULL,NULL,'Keshav Raman Jha',NULL,NULL,NULL,NULL,NULL,NULL,NULL,NULL,NULL,NULL,NULL,NULL,NULL),('NULL',212010007,NULL,NULL,NULL,NULL,'Kotwani Vikas Amar',NULL,NULL,NULL,NULL,NULL,NULL,NULL,NULL,NULL,NULL,NULL,NULL,NULL),('NULL',212010008,NULL,NULL,NULL,NULL,'Dhandore Siddhant Anandkumar',NULL,NULL,NULL,NULL,NULL,NULL,NULL,NULL,NULL,NULL,NULL,NULL,NULL),('NULL',212010010,NULL,NULL,NULL,NULL,'Tanmay Prashant Paddalwar',NULL,NULL,NULL,NULL,NULL,NULL,NULL,NULL,NULL,NULL,NULL,NULL,NULL),('NULL',212010017,NULL,NULL,NULL,NULL,'Adarsh Tiwari',NULL,NULL,NULL,NULL,NULL,NULL,NULL,NULL,NULL,NULL,NULL,NULL,NULL),('NULL',212010018,NULL,NULL,NULL,NULL,'Soni Divyang Cretan',NULL,NULL,NULL,NULL,NULL,NULL,NULL,NULL,NULL,NULL,NULL,NULL,NULL),('NULL',212010019,NULL,NULL,NULL,NULL,'Gandhi Harsh Sunil',NULL,NULL,NULL,NULL,NULL,NULL,NULL,NULL,NULL,NULL,NULL,NULL,NULL),('NULL',212010021,NULL,NULL,NULL,NULL,'Sahil Nam Shaikh',NULL,NULL,NULL,NULL,NULL,NULL,NULL,NULL,NULL,NULL,NULL,NULL,NULL),('NULL',212010025,NULL,NULL,NULL,NULL,'Sagar Jagannath Alkunte',NULL,NULL,NULL,NULL,NULL,NULL,NULL,NULL,NULL,NULL,NULL,NULL,NULL),('NULL',212010027,NULL,NULL,NULL,NULL,'Bagret Darpan Ramakant',NULL,NULL,NULL,NULL,NULL,NULL,NULL,NULL,NULL,NULL,NULL,NULL,NULL),('NULL',212010028,NULL,NULL,NULL,NULL,'Kapurkar Omkar Umesh',NULL,NULL,NULL,NULL,NULL,NULL,NULL,NULL,NULL,NULL,NULL,NULL,NULL),('NULL',212010029,NULL,NULL,NULL,NULL,'Rahul Raghunath Bhosale',NULL,NULL,NULL,NULL,NULL,NULL,NULL,NULL,NULL,NULL,NULL,NULL,NULL),('NULL',212010030,NULL,NULL,NULL,NULL,'Patil Niket Prakash',NULL,NULL,NULL,NULL,NULL,NULL,NULL,NULL,NULL,NULL,NULL,NULL,NULL),('NULL',212010031,NULL,NULL,NULL,NULL,'Chaurasiya Umesh Ramharakh',NULL,NULL,NULL,NULL,NULL,NULL,NULL,NULL,NULL,NULL,NULL,NULL,NULL),('NULL',212010033,NULL,NULL,NULL,NULL,'Rahul Sham Gaikar',NULL,NULL,NULL,NULL,NULL,NULL,NULL,NULL,NULL,NULL,NULL,NULL,NULL),('NULL',212010034,NULL,NULL,NULL,NULL,'Prathamesh Sarve',NULL,NULL,NULL,NULL,NULL,NULL,NULL,NULL,NULL,NULL,NULL,NULL,NULL),('NULL',212010035,NULL,NULL,NULL,NULL,'Saurabh Shivaji Shingade',NULL,NULL,NULL,NULL,NULL,NULL,NULL,NULL,NULL,NULL,NULL,NULL,NULL),('NULL',212010037,NULL,NULL,NULL,NULL,'Manish Madhav Raut',NULL,NULL,NULL,NULL,NULL,NULL,NULL,NULL,NULL,NULL,NULL,NULL,NULL),('NULL',212010038,NULL,NULL,NULL,NULL,'Patil Niraj Anil',NULL,NULL,NULL,NULL,NULL,NULL,NULL,NULL,NULL,NULL,NULL,NULL,NULL),('NULL',212010041,NULL,NULL,NULL,NULL,'Jadhav Vaibhav Anand',NULL,NULL,NULL,NULL,NULL,NULL,NULL,NULL,NULL,NULL,NULL,NULL,NULL),('NULL',212010044,NULL,NULL,NULL,NULL,'Rohan Madhukar Avhad',NULL,NULL,NULL,NULL,NULL,NULL,NULL,NULL,NULL,NULL,NULL,NULL,NULL),('NULL',212010045,NULL,NULL,NULL,NULL,'Harshal Subhashchandra Dahiwale',NULL,NULL,NULL,NULL,NULL,NULL,NULL,NULL,NULL,NULL,NULL,NULL,NULL),('NULL',212010054,NULL,NULL,NULL,NULL,'Shivraj Pradip Naorem',NULL,NULL,NULL,NULL,NULL,NULL,NULL,NULL,NULL,NULL,NULL,NULL,NULL),('NULL',212010056,NULL,NULL,NULL,NULL,'Nair Amalkrishna Premkumar',NULL,NULL,NULL,NULL,NULL,NULL,NULL,NULL,NULL,NULL,NULL,NULL,NULL),('NULL',212010057,NULL,NULL,NULL,NULL,'Vishal Pravin Somvanshi',NULL,NULL,NULL,NULL,NULL,NULL,NULL,NULL,NULL,NULL,NULL,NULL,NULL),('NULL',212010058,NULL,NULL,NULL,NULL,'Satam Kanak Atul',NULL,NULL,NULL,NULL,NULL,NULL,NULL,NULL,NULL,NULL,NULL,NULL,NULL),('NULL',212010059,NULL,NULL,NULL,NULL,'Lakshay Ramlal Redkar',NULL,NULL,NULL,NULL,NULL,NULL,NULL,NULL,NULL,NULL,NULL,NULL,NULL),('NULL',212010060,NULL,NULL,NULL,NULL,'Dhruv Khimasiya',NULL,NULL,NULL,NULL,NULL,NULL,NULL,NULL,NULL,NULL,NULL,NULL,NULL),('NULL',212010061,NULL,NULL,NULL,NULL,'Abhishek Devidas Chavhare',NULL,NULL,NULL,NULL,NULL,NULL,NULL,NULL,NULL,NULL,NULL,NULL,NULL),('NULL',212010063,NULL,NULL,NULL,NULL,'Gosavi Aditya Ajit',NULL,NULL,NULL,NULL,NULL,NULL,NULL,NULL,NULL,NULL,NULL,NULL,NULL),('NULL',212010065,NULL,NULL,NULL,NULL,'Suntur Shivraj Basavraj',NULL,NULL,NULL,NULL,NULL,NULL,NULL,NULL,NULL,NULL,NULL,NULL,NULL),('NULL',212010069,NULL,NULL,NULL,NULL,'Prasad Shashikant Dhengale',NULL,NULL,NULL,NULL,NULL,NULL,NULL,NULL,NULL,NULL,NULL,NULL,NULL),('NULL',212011016,NULL,NULL,NULL,NULL,'Kotre Chaitrali Santosh',NULL,NULL,NULL,NULL,NULL,NULL,NULL,NULL,NULL,NULL,NULL,NULL,NULL),('NULL',212011022,NULL,NULL,NULL,NULL,'Shaikh Z. Ahida Rasul',NULL,NULL,NULL,NULL,NULL,NULL,NULL,NULL,NULL,NULL,NULL,NULL,NULL),('NULL',212011023,NULL,NULL,NULL,NULL,'Padaya Shruti Dinesh',NULL,NULL,NULL,NULL,NULL,NULL,NULL,NULL,NULL,NULL,NULL,NULL,NULL),('NULL',212011026,NULL,NULL,NULL,NULL,'Ruchi Nitin Parab',NULL,NULL,NULL,NULL,NULL,NULL,NULL,NULL,NULL,NULL,NULL,NULL,NULL),('NULL',212011040,NULL,NULL,NULL,NULL,'Dhanshri Sanjay Chaudhari',NULL,NULL,NULL,NULL,NULL,NULL,NULL,NULL,NULL,NULL,NULL,NULL,NULL),('NULL',212011053,NULL,NULL,NULL,NULL,'Mendhe Nikita Dinesh',NULL,NULL,NULL,NULL,NULL,NULL,NULL,NULL,NULL,NULL,NULL,NULL,NULL),('NULL',212011055,NULL,NULL,NULL,NULL,'Sonam Yadav',NULL,NULL,NULL,NULL,NULL,NULL,NULL,NULL,NULL,NULL,NULL,NULL,NULL),('NULL',212011066,NULL,NULL,NULL,NULL,'Nirgude Rupali Keshav',NULL,NULL,NULL,NULL,NULL,NULL,NULL,NULL,NULL,NULL,NULL,NULL,NULL),('NULL',212011068,NULL,NULL,NULL,NULL,'Varsha Shivkumar Sahani',NULL,NULL,NULL,NULL,NULL,NULL,NULL,NULL,NULL,NULL,NULL,NULL,NULL);
/*!40000 ALTER TABLE `students` ENABLE KEYS */;
UNLOCK TABLES;
/*!40103 SET TIME_ZONE=@OLD_TIME_ZONE */;

/*!40101 SET SQL_MODE=@OLD_SQL_MODE */;
/*!40014 SET FOREIGN_KEY_CHECKS=@OLD_FOREIGN_KEY_CHECKS */;
/*!40014 SET UNIQUE_CHECKS=@OLD_UNIQUE_CHECKS */;
/*!40101 SET CHARACTER_SET_CLIENT=@OLD_CHARACTER_SET_CLIENT */;
/*!40101 SET CHARACTER_SET_RESULTS=@OLD_CHARACTER_SET_RESULTS */;
/*!40101 SET COLLATION_CONNECTION=@OLD_COLLATION_CONNECTION */;
/*!40111 SET SQL_NOTES=@OLD_SQL_NOTES */;

-- Dump completed on 2024-05-07  3:55:40
